{
	"aquaculture:diamond_fishing_rod":
	{
		"startWeight": 5,
		"startLevel": 1,
		"endWeight": 130,
		"endLevel": 130,
		"xp": 65,
		"enchantLevelReq": 10
	},
	"aquaculture:gold_fishing_rod":
	{
		"startWeight": 10,
		"startLevel": 1,
		"endWeight": 120,
		"endLevel": 120,
		"xp": 55,
		"enchantLevelReq": 10
	},
	"aquaculture:iron_fishing_rod":
	{
		"startWeight": 20,
		"startLevel": 1,
		"endWeight": 110,
		"endLevel": 110,
		"xp": 45,
		"enchantLevelReq": 10
	},
	"aquaculture:neptunium_axe":
	{
		"startWeight": 0,
		"startLevel": 90,
		"endWeight": 4,
		"endLevel": 400,
		"xp": 350,
		"enchantLevelReq": 120
	},
	"aquaculture:neptunium_boots":
	{
		"startWeight": 0,
		"startLevel": 90,
		"endWeight": 4,
		"endLevel": 400,
		"xp": 350,
		"enchantLevelReq": 120
	},
	"aquaculture:neptunium_bow":
	{
		"startWeight": 50,
		"startLevel": 1,
		"endWeight": 25,
		"endLevel": 100,
		"xp": 35,
		"enchantLevelReq": 10
	},
	"aquaculture:neptunium_chestplate":
	{
		"startWeight": 0,
		"startLevel": 90,
		"endWeight": 4,
		"endLevel": 400,
		"xp": 350,
		"enchantLevelReq": 120
	},
	"aquaculture:neptunium_fishing_rod":
	{
		"startWeight": 0,
		"startLevel": 1,
		"endWeight": 140,
		"endLevel": 140,
		"xp": 75,
		"enchantLevelReq": 10
	},
	"aquaculture:neptunium_helmet":
	{
		"startWeight": 0,
		"startLevel": 90,
		"endWeight": 4,
		"endLevel": 400,
		"xp": 350,
		"enchantLevelReq": 120
	},
	"aquaculture:neptunium_hoe":
	{
		"startWeight": 0,
		"startLevel": 90,
		"endWeight": 4,
		"endLevel": 400,
		"xp": 350,
		"enchantLevelReq": 120
	},
	"aquaculture:neptunium_leggings":
	{
		"startWeight": 0,
		"startLevel": 90,
		"endWeight": 4,
		"endLevel": 400,
		"xp": 350,
		"enchantLevelReq": 120
	},
	"aquaculture:neptunium_pickaxe":
	{
		"startWeight": 0,
		"startLevel": 90,
		"endWeight": 4,
		"endLevel": 400,
		"xp": 350,
		"enchantLevelReq": 120
	},
	"aquaculture:neptunium_shovel":
	{
		"startWeight": 0,
		"startLevel": 90,
		"endWeight": 4,
		"endLevel": 400,
		"xp": 350,
		"enchantLevelReq": 120
	},
	"aquaculture:neptunium_sword":
	{
		"startWeight": 0,
		"startLevel": 90,
		"endWeight": 4,
		"endLevel": 400,
		"xp": 350,
		"enchantLevelReq": 120
	},
	"extendednether:netherite_axe":
	{
		"startWeight": 0,
		"startLevel": 100,
		"endWeight": 3,
		"endLevel": 400,
		"xp": 350,
		"enchantLevelReq": 120
	},
	"extendednether:netherite_boots":
	{
		"startWeight": 0,
		"startLevel": 100,
		"endWeight": 3,
		"endLevel": 400,
		"xp": 350,
		"enchantLevelReq": 120
	},
	"extendednether:netherite_chestplate":
	{
		"startWeight": 0,
		"startLevel": 100,
		"endWeight": 3,
		"endLevel": 400,
		"xp": 350,
		"enchantLevelReq": 120
	},
	"extendednether:netherite_helmet":
	{
		"startWeight": 0,
		"startLevel": 100,
		"endWeight": 3,
		"endLevel": 400,
		"xp": 350,
		"enchantLevelReq": 120
	},
	"extendednether:netherite_hoe":
	{
		"startWeight": 0,
		"startLevel": 100,
		"endWeight": 3,
		"endLevel": 400,
		"xp": 350,
		"enchantLevelReq": 120
	},
	"extendednether:netherite_leggings":
	{
		"startWeight": 0,
		"startLevel": 100,
		"endWeight": 3,
		"endLevel": 400,
		"xp": 350,
		"enchantLevelReq": 120
	},
	"extendednether:netherite_pickaxe":
	{
		"startWeight": 0,
		"startLevel": 100,
		"endWeight": 3,
		"endLevel": 400,
		"xp": 350,
		"enchantLevelReq": 120
	},
	"extendednether:netherite_shovel":
	{
		"startWeight": 0,
		"startLevel": 100,
		"endWeight": 3,
		"endLevel": 400,
		"xp": 350,
		"enchantLevelReq": 120
	},
	"extendednether:netherite_sword":
	{
		"startWeight": 0,
		"startLevel": 100,
		"endWeight": 3,
		"endLevel": 400,
		"xp": 350,
		"enchantLevelReq": 120
	},
	"minecraft:bow":
	{
		"startWeight": 100,
		"startLevel": 1,
		"endWeight": 25,
		"endLevel": 80,
		"xp": 35,
		"enchantLevelReq": 10
	},
	"minecraft:chainmail_boots":
	{
		"startWeight": 50,
		"startLevel": 15,
		"endWeight": 15,
		"endLevel": 80,
		"xp": 35,
		"enchantLevelReq": 10
	},
	"minecraft:chainmail_chestplate":
	{
		"startWeight": 50,
		"startLevel": 15,
		"endWeight": 15,
		"endLevel": 80,
		"xp": 35,
		"enchantLevelReq": 10
	},
	"minecraft:chainmail_helmet":
	{
		"startWeight": 50,
		"startLevel": 15,
		"endWeight": 15,
		"endLevel": 80,
		"xp": 35,
		"enchantLevelReq": 10
	},
	"minecraft:chainmail_leggings":
	{
		"startWeight": 50,
		"startLevel": 15,
		"endWeight": 15,
		"endLevel": 80,
		"xp": 35,
		"enchantLevelReq": 10
	},
	"minecraft:diamond_axe":
	{
		"startWeight": 0,
		"startLevel": 60,
		"endWeight": 25,
		"endLevel": 95,
		"xp": 150,
		"enchantLevelReq": 60
	},
	"minecraft:diamond_boots":
	{
		"startWeight": 0,
		"startLevel": 60,
		"endWeight": 25,
		"endLevel": 95,
		"xp": 150,
		"enchantLevelReq": 60
	},
	"minecraft:diamond_chestplate":
	{
		"startWeight": 0,
		"startLevel": 60,
		"endWeight": 25,
		"endLevel": 95,
		"xp": 150,
		"enchantLevelReq": 60
	},
	"minecraft:diamond_helmet":
	{
		"startWeight": 0,
		"startLevel": 60,
		"endWeight": 25,
		"endLevel": 95,
		"xp": 150,
		"enchantLevelReq": 60
	},
	"minecraft:diamond_hoe":
	{
		"startWeight": 0,
		"startLevel": 60,
		"endWeight": 25,
		"endLevel": 95,
		"xp": 150,
		"enchantLevelReq": 60
	},
	"minecraft:diamond_leggings":
	{
		"startWeight": 0,
		"startLevel": 60,
		"endWeight": 25,
		"endLevel": 95,
		"xp": 150,
		"enchantLevelReq": 60
	},
	"minecraft:diamond_pickaxe":
	{
		"startWeight": 0,
		"startLevel": 60,
		"endWeight": 25,
		"endLevel": 95,
		"xp": 150,
		"enchantLevelReq": 60
	},
	"minecraft:diamond_shovel":
	{
		"startWeight": 0,
		"startLevel": 60,
		"endWeight": 25,
		"endLevel": 95,
		"xp": 150,
		"enchantLevelReq": 60
	},
	"minecraft:diamond_sword":
	{
		"startWeight": 0,
		"startLevel": 60,
		"endWeight": 25,
		"endLevel": 95,
		"xp": 150,
		"enchantLevelReq": 60
	},
	"minecraft:fishing_rod":
	{
		"startWeight": 40,
		"startLevel": 1,
		"endWeight": 100,
		"endLevel": 80,
		"xp": 35,
		"enchantLevelReq": 10
	},
	"minecraft:golden_axe":
	{
		"startWeight": 5,
		"startLevel": 35,
		"endWeight": 35,
		"endLevel": 90,
		"xp": 55,
		"enchantLevelReq": 45
	},
	"minecraft:golden_boots":
	{
		"startWeight": 5,
		"startLevel": 35,
		"endWeight": 35,
		"endLevel": 90,
		"xp": 55,
		"enchantLevelReq": 45
	},
	"minecraft:golden_chestplate":
	{
		"startWeight": 5,
		"startLevel": 35,
		"endWeight": 35,
		"endLevel": 90,
		"xp": 55,
		"enchantLevelReq": 45
	},
	"minecraft:golden_helmet":
	{
		"startWeight": 5,
		"startLevel": 35,
		"endWeight": 35,
		"endLevel": 90,
		"xp": 55,
		"enchantLevelReq": 45
	},
	"minecraft:golden_hoe":
	{
		"startWeight": 5,
		"startLevel": 35,
		"endWeight": 35,
		"endLevel": 90,
		"xp": 55,
		"enchantLevelReq": 45
	},
	"minecraft:golden_leggings":
	{
		"startWeight": 5,
		"startLevel": 35,
		"endWeight": 35,
		"endLevel": 90,
		"xp": 55,
		"enchantLevelReq": 45
	},
	"minecraft:golden_pickaxe":
	{
		"startWeight": 5,
		"startLevel": 35,
		"endWeight": 35,
		"endLevel": 90,
		"xp": 55,
		"enchantLevelReq": 45
	},
	"minecraft:golden_shovel":
	{
		"startWeight": 5,
		"startLevel": 35,
		"endWeight": 35,
		"endLevel": 90,
		"xp": 55,
		"enchantLevelReq": 45
	},
	"minecraft:golden_sword":
	{
		"startWeight": 5,
		"startLevel": 35,
		"endWeight": 35,
		"endLevel": 90,
		"xp": 55,
		"enchantLevelReq": 45
	},
	"minecraft:heart_of_the_sea":
	{
		"startWeight": 1,
		"startLevel": 1,
		"endWeight": 1,
		"endLevel": 1,
		"xp": 250,
		"minCount": 1,
		"maxCount": 1
	},
	"minecraft:iron_axe":
	{
		"startWeight": 75,
		"startLevel": 20,
		"endWeight": 20,
		"endLevel": 85,
		"xp": 45,
		"enchantLevelReq": 20
	},
	"minecraft:iron_boots":
	{
		"startWeight": 75,
		"startLevel": 20,
		"endWeight": 20,
		"endLevel": 85,
		"xp": 45,
		"enchantLevelReq": 20
	},
	"minecraft:iron_chestplate":
	{
		"startWeight": 75,
		"startLevel": 20,
		"endWeight": 20,
		"endLevel": 85,
		"xp": 45,
		"enchantLevelReq": 20
	},
	"minecraft:iron_helmet":
	{
		"startWeight": 75,
		"startLevel": 20,
		"endWeight": 20,
		"endLevel": 85,
		"xp": 45,
		"enchantLevelReq": 20
	},
	"minecraft:iron_hoe":
	{
		"startWeight": 75,
		"startLevel": 20,
		"endWeight": 20,
		"endLevel": 85,
		"xp": 45,
		"enchantLevelReq": 20
	},
	"minecraft:iron_leggings":
	{
		"startWeight": 75,
		"startLevel": 20,
		"endWeight": 20,
		"endLevel": 85,
		"xp": 45,
		"enchantLevelReq": 20
	},
	"minecraft:iron_pickaxe":
	{
		"startWeight": 75,
		"startLevel": 20,
		"endWeight": 20,
		"endLevel": 85,
		"xp": 45,
		"enchantLevelReq": 20
	},
	"minecraft:iron_shovel":
	{
		"startWeight": 75,
		"startLevel": 20,
		"endWeight": 20,
		"endLevel": 85,
		"xp": 45,
		"enchantLevelReq": 20
	},
	"minecraft:iron_sword":
	{
		"startWeight": 75,
		"startLevel": 20,
		"endWeight": 20,
		"endLevel": 85,
		"xp": 45,
		"enchantLevelReq": 20
	},
	"minecraft:kelp":
	{
		"startWeight": 500,
		"startLevel": 1,
		"endWeight": 25,
		"endLevel": 75,
		"xp": 0.25,
		"minCount": 5,
		"maxCount": 24
	},
	"minecraft:leather_boots":
	{
		"startWeight": 100,
		"startLevel": 5,
		"endWeight": 10,
		"endLevel": 80,
		"xp": 35,
		"enchantLevelReq": 1
	},
	"minecraft:leather_chestplate":
	{
		"startWeight": 100,
		"startLevel": 5,
		"endWeight": 10,
		"endLevel": 80,
		"xp": 35,
		"enchantLevelReq": 1
	},
	"minecraft:leather_helmet":
	{
		"startWeight": 100,
		"startLevel": 5,
		"endWeight": 10,
		"endLevel": 80,
		"xp": 35,
		"enchantLevelReq": 1
	},
	"minecraft:leather_leggings":
	{
		"startWeight": 100,
		"startLevel": 5,
		"endWeight": 10,
		"endLevel": 80,
		"xp": 35,
		"enchantLevelReq": 1
	},
	"minecraft:lily_pad":
	{
		"startWeight": 500,
		"startLevel": 1,
		"endWeight": 25,
		"endLevel": 75,
		"xp": 0.25,
		"minCount": 5,
		"maxCount": 24
	},
	"minecraft:nautilus_shell":
	{
		"startWeight": 1,
		"startLevel": 1,
		"endWeight": 5,
		"endLevel": 25,
		"xp": 250,
		"minCount": 1,
		"maxCount": 3
	},
	"minecraft:nether_star":
	{
		"startWeight": 0,
		"startLevel": 95,
		"endWeight": 1,
		"endLevel": 150,
		"xp": 666,
		"minCount": 1,
		"maxCount": 1
	},
	"minecraft:netherite_axe":
	{
		"startWeight": 0,
		"startLevel": 80,
		"endWeight": 3,
		"endLevel": 100,
		"xp": 350,
		"enchantLevelReq": 120
	},
	"minecraft:netherite_boots":
	{
		"startWeight": 0,
		"startLevel": 80,
		"endWeight": 3,
		"endLevel": 100,
		"xp": 350,
		"enchantLevelReq": 120
	},
	"minecraft:netherite_chestplate":
	{
		"startWeight": 0,
		"startLevel": 80,
		"endWeight": 3,
		"endLevel": 100,
		"xp": 350,
		"enchantLevelReq": 120
	},
	"minecraft:netherite_helmet":
	{
		"startWeight": 0,
		"startLevel": 80,
		"endWeight": 3,
		"endLevel": 100,
		"xp": 350,
		"enchantLevelReq": 120
	},
	"minecraft:netherite_hoe":
	{
		"startWeight": 0,
		"startLevel": 80,
		"endWeight": 3,
		"endLevel": 100,
		"xp": 350,
		"enchantLevelReq": 120
	},
	"minecraft:netherite_leggings":
	{
		"startWeight": 0,
		"startLevel": 80,
		"endWeight": 3,
		"endLevel": 100,
		"xp": 350,
		"enchantLevelReq": 120
	},
	"minecraft:netherite_pickaxe":
	{
		"startWeight": 0,
		"startLevel": 80,
		"endWeight": 3,
		"endLevel": 100,
		"xp": 350,
		"enchantLevelReq": 120
	},
	"minecraft:netherite_shovel":
	{
		"startWeight": 0,
		"startLevel": 80,
		"endWeight": 3,
		"endLevel": 100,
		"xp": 350,
		"enchantLevelReq": 120
	},
	"minecraft:netherite_sword":
	{
		"startWeight": 0,
		"startLevel": 80,
		"endWeight": 3,
		"endLevel": 100,
		"xp": 350,
		"enchantLevelReq": 120
	},
	"minecraft:string":
	{
		"startWeight": 200,
		"startLevel": 1,
		"endWeight": 15,
		"endLevel": 80,
		"xp": 0.35,
		"minCount": 5,
		"maxCount": 16
	},
	"minecraft:wooden_axe":
	{
		"startWeight": 100,
		"startLevel": 1,
		"endWeight": 5,
		"endLevel": 80,
		"xp": 15,
		"enchantLevelReq": 1
	},
	"minecraft:wooden_hoe":
	{
		"startWeight": 100,
		"startLevel": 1,
		"endWeight": 10,
		"endLevel": 80,
		"xp": 15,
		"enchantLevelReq": 1
	},
	"minecraft:wooden_pickaxe":
	{
		"startWeight": 100,
		"startLevel": 1,
		"endWeight": 5,
		"endLevel": 80,
		"xp": 15,
		"enchantLevelReq": 1
	},
	"minecraft:wooden_shovel":
	{
		"startWeight": 100,
		"startLevel": 1,
		"endWeight": 5,
		"endLevel": 80,
		"xp": 15,
		"enchantLevelReq": 1
	},
	"minecraft:wooden_sword":
	{
		"startWeight": 100,
		"startLevel": 1,
		"endWeight": 5,
		"endLevel": 80,
		"xp": 15,
		"enchantLevelReq": 1
	}
}