{
	"aquaculture:fish_fillet_raw":
	{
		"extraChance": 1.5
	},
	"aquaculture:frog_legs_raw":
	{
		"extraChance": 1.5
	},
	"foodexpansion:bacon":
	{
		"extraChance": 1.5
	},
	"foodexpansion:bat_wing":
	{
		"extraChance": 1.5
	},
	"foodexpansion:dough":
	{
		"extraChance": 1.5
	},
	"foodexpansion:horse_meat":
	{
		"extraChance": 1.5
	},
	"foodexpansion:llama_meat":
	{
		"extraChance": 1.5
	},
	"foodexpansion:ocelot_meat":
	{
		"extraChance": 1.5
	},
	"foodexpansion:parrot_meat":
	{
		"extraChance": 1.5
	},
	"foodexpansion:polar_bear_meat":
	{
		"extraChance": 1.5
	},
	"foodexpansion:squid":
	{
		"extraChance": 1.5
	},
	"foodexpansion:wolf_meat":
	{
		"extraChance": 1.5
	},
	"lycanitesmobs:raw_arisaur_meat":
	{
		"extraChance": 0.7
	},
	"lycanitesmobs:raw_aspid_meat":
	{
		"extraChance": 0.7
	},
	"lycanitesmobs:raw_chupacabra_meat":
	{
		"extraChance": 0.7
	},
	"lycanitesmobs:raw_concapede_meat":
	{
		"extraChance": 0.7
	},
	"lycanitesmobs:raw_ika_meat":
	{
		"extraChance": 0.7
	},
	"lycanitesmobs:raw_joust_meat":
	{
		"extraChance": 0.7
	},
	"lycanitesmobs:raw_krake_meat":
	{
		"extraChance": 0.7
	},
	"lycanitesmobs:raw_maka_meat":
	{
		"extraChance": 0.7
	},
	"lycanitesmobs:raw_pinky_meat":
	{
		"extraChance": 0.7
	},
	"lycanitesmobs:raw_silex_meat":
	{
		"extraChance": 0.7
	},
	"lycanitesmobs:raw_yale_meat":
	{
		"extraChance": 0.7
	},
	"lycanitesmobs:raw_yeti_meat":
	{
		"extraChance": 0.7
	},
	"minecraft:beef":
	{
		"extraChance": 0.75
	},
	"minecraft:beetroot_seed":
	{
		"extraChance": 1.5
	},
	"minecraft:brown_mushroom":
	{
		"extraChance": 1.5
	},
	"minecraft:cactus":
	{
		"extraChance": 2
	},
	"minecraft:chicken":
	{
		"extraChance": 0.5
	},
	"minecraft:chorus_fruit":
	{
		"extraChance": 0.33
	},
	"minecraft:cod":
	{
		"extraChance": 1.75
	},
	"minecraft:egg":
	{
		"extraChance": 1.5
	},
	"minecraft:kelp":
	{
		"extraChance": 0.6
	},
	"minecraft:melon_seed":
	{
		"extraChance": 1.5
	},
	"minecraft:mutton":
	{
		"extraChance": 1
	},
	"minecraft:porkchop":
	{
		"extraChance": 1.25
	},
	"minecraft:potato":
	{
		"extraChance": 0.5
	},
	"minecraft:pumpkin_seed":
	{
		"extraChance": 1.5
	},
	"minecraft:rabbit":
	{
		"extraChance": 1
	},
	"minecraft:red_mushroom":
	{
		"extraChance": 1.5
	},
	"minecraft:salmon":
	{
		"extraChance": 1.5
	},
	"minecraft:sea_pickle":
	{
		"extraChance": 2
	},
	"minecraft:wheat_seed":
	{
		"extraChance": 1.5
	}
}