{
	"#forge:ores/aluminum":
	{
		"extraChance": 0.45
	},
	"#forge:ores/coal":
	{
		"extraChance": 1
	},
	"#forge:ores/copper":
	{
		"extraChance": 0.8
	},
	"#forge:ores/diamond":
	{
		"extraChance": 0.33
	},
	"#forge:ores/emerald":
	{
		"extraChance": 0.75
	},
	"#forge:ores/gold":
	{
		"extraChance": 0.5
	},
	"#forge:ores/iron":
	{
		"extraChance": 0.75
	},
	"#forge:ores/lapis":
	{
		"extraChance": 1.5
	},
	"#forge:ores/nickel":
	{
		"extraChance": 0.6
	},
	"#forge:ores/quartz":
	{
		"extraChance": 0.55
	},
	"#forge:ores/redstone":
	{
		"extraChance": 2
	},
	"#forge:ores/silver":
	{
		"extraChance": 0.4
	},
	"#forge:ores/tin":
	{
		"extraChance": 0.8
	},
	"#forge:ores/zinc":
	{
		"extraChance": 0.75
	},
	"ars_nouveau:arcane_ore":
	{
		"extraChance": 0.75
	},
	"astralsorcery:aquamarine_sand_ore":
	{
		"extraChance": 1.5
	},
	"astralsorcery:rock_crystal_ore":
	{
		"extraChance": 0.75
	},
	"astralsorcery:starmetal_ore":
	{
		"extraChance": 0.5
	},
	"bigreactors:anglesite_ore":
	{
		"extraChance": 0.35
	},
	"bigreactors:benitoite_ore":
	{
		"extraChance": 0.35
	},
	"bigreactors:yellorite_ore":
	{
		"extraChance": 0.35
	},
	"bno:netheraluminum_ore":
	{
		"extraChance": 0.75
	},
	"bno:nethercoal_ore":
	{
		"extraChance": 1
	},
	"bno:nethercopper_ore":
	{
		"extraChance": 0.8
	},
	"bno:netherdiamond_ore":
	{
		"extraChance": 0.33
	},
	"bno:netheremerald_ore":
	{
		"extraChance": 0.75
	},
	"bno:netheriron_ore":
	{
		"extraChance": 0.75
	},
	"bno:netherlapis_ore":
	{
		"extraChance": 1.5
	},
	"bno:netherlead_ore":
	{
		"extraChance": 0.5
	},
	"bno:nethernickel_ore":
	{
		"extraChance": 0.35
	},
	"bno:netherosmium_ore":
	{
		"extraChance": 0.5
	},
	"bno:netherredstone_ore":
	{
		"extraChance": 2
	},
	"bno:nethersilver_ore":
	{
		"extraChance": 0.5
	},
	"bno:nethertin_ore":
	{
		"extraChance": 0.75
	},
	"bno:netheruranium_ore":
	{
		"extraChance": 0.5
	},
	"charm:pig_iron_ore":
	{
		"extraChance": 0.75
	},
	"druidcraft:amber_ore":
	{
		"extraChance": 0.75
	},
	"druidcraft:fiery_glass_ore":
	{
		"extraChance": 0.75
	},
	"druidcraft:moonstone_ore":
	{
		"extraChance": 0.75
	},
	"druidcraft:rockroot_ore":
	{
		"extraChance": 0.75
	},
	"elementalcraft:crystalore":
	{
		"extraChance": 0.5
	},
	"endreborn:end_wolframium_ore":
	{
		"extraChance": 1.2
	},
	"endreborn:obsidian_ore":
	{
		"extraChance": 0.8
	},
	"endreborn:quartz_ore":
	{
		"extraChance": 0.9
	},
	"endreborn:wolframium_ore":
	{
		"extraChance": 0.9
	},
	"enigmaticlegacy:etherium_ore":
	{
		"extraChance": 0.5
	},
	"forbidden_arcanus:arcane_crystal_ore":
	{
		"extraChance": 0.75
	},
	"good_nights_sleep:necrum_ore":
	{
		"extraChance": 0.5
	},
	"good_nights_sleep:negatite_ore":
	{
		"extraChance": 0.25
	},
	"good_nights_sleep:positite_ore":
	{
		"extraChance": 0.25
	},
	"good_nights_sleep:rainbow_ore":
	{
		"extraChance": 0.5
	},
	"good_nights_sleep:zitrite_ore":
	{
		"extraChance": 0.5
	},
	"iceandfire:amythest_ore":
	{
		"extraChance": 0.75
	},
	"iceandfire:copper_ore":
	{
		"extraChance": 0.8
	},
	"iceandfire:sapphire_ore":
	{
		"extraChance": 0.75
	},
	"iceandfire:silver_ore":
	{
		"extraChance": 0.5
	},
	"mekanism:fluorite_ore":
	{
		"extraChance": 0.5
	},
	"mekanism:osmium_ore":
	{
		"extraChance": 0.5
	},
	"minecraft:glowstone":
	{
		"extraChance": 0.1
	},
	"mysticalagradditions:end_inferium_ore":
	{
		"extraChance": 1
	},
	"mysticalagradditions:end_prosperity_ore":
	{
		"extraChance": 1
	},
	"mysticalagradditions:nether_inferium_ore":
	{
		"extraChance": 1
	},
	"mysticalagradditions:nether_prosperity_ore":
	{
		"extraChance": 1
	},
	"mysticalagriculture:inferium_ore":
	{
		"extraChance": 1
	},
	"mysticalagriculture:prosperity_ore":
	{
		"extraChance": 1
	},
	"mysticalagriculture:soulium_ore":
	{
		"extraChance": 0.5
	},
	"powah:uraninite_ore":
	{
		"extraChance": 0.5
	},
	"powah:uraninite_ore_dense":
	{
		"extraChance": 0.33
	},
	"powah:uraninite_ore_poor":
	{
		"extraChance": 0.75
	},
	"rats:cheese_ore":
	{
		"extraChance": 0.5
	},
	"rats:oratchalcum_ore":
	{
		"extraChance": 0.5
	},
	"rats:ratlantean_gem_ore":
	{
		"extraChance": 0.5
	},
	"rftools:dimensional_shard_ore":
	{
		"extraChance": 0.75
	},
	"scalinghealth:heart_crystal_ore":
	{
		"extraChance": 0.25
	},
	"scalinghealth:power_crystal_ore":
	{
		"extraChance": 0.25
	},
	"silentgear:azure_silver_ore":
	{
		"extraChance": 0.33
	},
	"silentgear:crimson_iron_ore":
	{
		"extraChance": 0.33
	},
	"silentgems:agate_ore":
	{
		"extraChance": 0.75
	},
	"silentgems:alexandrite_ore":
	{
		"extraChance": 0.75
	},
	"silentgems:amber_ore":
	{
		"extraChance": 0.75
	},
	"silentgems:ametrine_ore":
	{
		"extraChance": 0.75
	},
	"silentgems:ammolite_ore":
	{
		"extraChance": 0.75
	},
	"silentgems:apatite_ore":
	{
		"extraChance": 1
	},
	"silentgems:aquamarine_ore":
	{
		"extraChance": 0.75
	},
	"silentgems:benitoite_ore":
	{
		"extraChance": 0.75
	},
	"silentgems:black_diamond_ore":
	{
		"extraChance": 0.75
	},
	"silentgems:carnelian_ore":
	{
		"extraChance": 0.75
	},
	"silentgems:cats_eye_ore":
	{
		"extraChance": 0.75
	},
	"silentgems:chaos_ore":
	{
		"extraChance": 0.75
	},
	"silentgems:chrysoprase_ore":
	{
		"extraChance": 0.75
	},
	"silentgems:citrine_ore":
	{
		"extraChance": 0.75
	},
	"silentgems:coral_ore":
	{
		"extraChance": 0.75
	},
	"silentgems:ender_ore":
	{
		"extraChance": 0.75
	},
	"silentgems:euclase_ore":
	{
		"extraChance": 0.75
	},
	"silentgems:fluorite_ore":
	{
		"extraChance": 0.5
	},
	"silentgems:garnet_ore":
	{
		"extraChance": 0.75
	},
	"silentgems:green_sapphire_ore":
	{
		"extraChance": 0.75
	},
	"silentgems:heliodor_ore":
	{
		"extraChance": 0.75
	},
	"silentgems:iolite_ore":
	{
		"extraChance": 0.75
	},
	"silentgems:jade_ore":
	{
		"extraChance": 0.75
	},
	"silentgems:jasper_ore":
	{
		"extraChance": 0.75
	},
	"silentgems:kunzite_ore":
	{
		"extraChance": 0.75
	},
	"silentgems:kyanite_ore":
	{
		"extraChance": 0.75
	},
	"silentgems:lepidolite_ore":
	{
		"extraChance": 0.75
	},
	"silentgems:malachite_ore":
	{
		"extraChance": 0.75
	},
	"silentgems:moldavite_ore":
	{
		"extraChance": 0.75
	},
	"silentgems:moonstone_ore":
	{
		"extraChance": 0.75
	},
	"silentgems:morganite_ore":
	{
		"extraChance": 0.75
	},
	"silentgems:onyx_ore":
	{
		"extraChance": 0.75
	},
	"silentgems:opal_ore":
	{
		"extraChance": 0.75
	},
	"silentgems:pearl_ore":
	{
		"extraChance": 0.75
	},
	"silentgems:peridot_ore":
	{
		"extraChance": 0.75
	},
	"silentgems:phosphophyllite_ore":
	{
		"extraChance": 0.75
	},
	"silentgems:pyrope_ore":
	{
		"extraChance": 0.75
	},
	"silentgems:rose_quartz_ore":
	{
		"extraChance": 0.75
	},
	"silentgems:ruby_ore":
	{
		"extraChance": 0.75
	},
	"silentgems:sapphire_ore":
	{
		"extraChance": 0.75
	},
	"silentgems:sodalite_ore":
	{
		"extraChance": 0.75
	},
	"silentgems:spinel_ore":
	{
		"extraChance": 0.75
	},
	"silentgems:sunstone_ore":
	{
		"extraChance": 0.75
	},
	"silentgems:tanzanite_ore":
	{
		"extraChance": 0.75
	},
	"silentgems:tektite_ore":
	{
		"extraChance": 0.75
	},
	"silentgems:topaz_ore":
	{
		"extraChance": 0.75
	},
	"silentgems:turquoise_ore":
	{
		"extraChance": 0.75
	},
	"silentgems:yellow_diamond_ore":
	{
		"extraChance": 0.75
	},
	"silentgems:zircon_ore":
	{
		"extraChance": 0.75
	},
	"silents_mechanisms:bauxite_ore":
	{
		"extraChance": 0.75
	},
	"silents_mechanisms:bismuth_ore":
	{
		"extraChance": 0.5
	},
	"silents_mechanisms:platinum_ore":
	{
		"extraChance": 0.5
	},
	"silents_mechanisms:uranium_ore":
	{
		"extraChance": 0.5
	},
	"silents_mechanisms:zinc_ore":
	{
		"extraChance": 0.75
	},
	"silentsgems:amethyst_ore":
	{
		"extraChance": 0.75
	},
	"thermal:apatite_ore":
	{
		"extraChance": 1
	},
	"thermal:cinnabar_ore":
	{
		"extraChance": 0.5
	},
	"thermal:copper_ore":
	{
		"extraChance": 0.8
	},
	"thermal:lead_ore":
	{
		"extraChance": 0.5
	},
	"thermal:nickel_ore":
	{
		"extraChance": 0.35
	},
	"thermal:niter_ore":
	{
		"extraChance": 1
	},
	"thermal:ruby_ore":
	{
		"extraChance": 0.75
	},
	"thermal:sapphire_ore":
	{
		"extraChance": 0.75
	},
	"thermal:silver_ore":
	{
		"extraChance": 0.5
	},
	"thermal:sulfur_ore":
	{
		"extraChance": 1
	},
	"thermal:tin_ore":
	{
		"extraChance": 0.75
	},
	"tmechworks:aluminum_ore":
	{
		"extraChance": 0.75
	},
	"tmechworks:copper_ore":
	{
		"extraChance": 0.8
	},
	"undergarden:cloggrum_ore":
	{
		"extraChance": 0.5
	},
	"undergarden:coal_ore":
	{
		"extraChance": 1
	},
	"undergarden:diamond_ore":
	{
		"extraChance": 0.33
	},
	"undergarden:froststeel_ore":
	{
		"extraChance": 0.5
	},
	"undergarden:gold_ore":
	{
		"extraChance": 0.5
	},
	"undergarden:iron_ore":
	{
		"extraChance": 0.75
	},
	"undergarden:regalium_ore":
	{
		"extraChance": 0.5
	},
	"undergarden:utherium_ore":
	{
		"extraChance": 0.5
	}
}