{
	"#forge:saplings":
	{
		"farming": 5,
		"woodcutting": 10
	},
	"#minecraft:saplings":
	{
		"farming": 5,
		"woodcutting": 10
	},
	"appliedenergistics2:16k_crafting_storage":
	{
		"building": 40
	},
	"appliedenergistics2:1k_crafting_storage":
	{
		"building": 20
	},
	"appliedenergistics2:4k_crafting_storage":
	{
		"building": 30
	},
	"appliedenergistics2:64k_crafting_storage":
	{
		"building": 50
	},
	"appliedenergistics2:annihilation_plane":
	{
		"building": 42
	},
	"appliedenergistics2:condenser":
	{
		"building": 35
	},
	"appliedenergistics2:controller":
	{
		"building": 20
	},
	"appliedenergistics2:crafting_accelerator":
	{
		"building": 30
	},
	"appliedenergistics2:crafting_terminal":
	{
		"building": 35
	},
	"appliedenergistics2:drive":
	{
		"building": 25
	},
	"appliedenergistics2:export_bus":
	{
		"building": 35
	},
	"appliedenergistics2:fluid_annihilation_plane":
	{
		"building": 35
	},
	"appliedenergistics2:fluid_export_bus":
	{
		"building": 30
	},
	"appliedenergistics2:fluid_formation_plane":
	{
		"building": 32
	},
	"appliedenergistics2:fluid_import_bus":
	{
		"building": 30
	},
	"appliedenergistics2:fluid_interface":
	{
		"building": 30
	},
	"appliedenergistics2:fluid_storage_bus":
	{
		"building": 20
	},
	"appliedenergistics2:fluid_terminal":
	{
		"building": 30
	},
	"appliedenergistics2:formation_plane":
	{
		"building": 40
	},
	"appliedenergistics2:import_bus":
	{
		"building": 35
	},
	"appliedenergistics2:interface":
	{
		"building": 40
	},
	"appliedenergistics2:interface_terminal":
	{
		"building": 40
	},
	"appliedenergistics2:io_port":
	{
		"building": 35
	},
	"appliedenergistics2:molecular_assembler":
	{
		"building": 40
	},
	"appliedenergistics2:pattern_terminal":
	{
		"building": 30
	},
	"appliedenergistics2:quartz_growth_accelerator":
	{
		"building": 30
	},
	"appliedenergistics2:security_station":
	{
		"building": 15
	},
	"appliedenergistics2:spatial_io_port":
	{
		"building": 30
	},
	"appliedenergistics2:spatial_pylon":
	{
		"building": 50
	},
	"appliedenergistics2:storage_bus":
	{
		"building": 25
	},
	"appliedenergistics2:terminal":
	{
		"building": 25
	},
	"appliedenergistics2:vibration_chamber":
	{
		"building": 10
	},
	"appliedenergistics2:wireless_access_point":
	{
		"building": 25
	},
	"appliedenergistics2:wireless_receiver":
	{
		"building": 25
	},
	"autumnity:maple_sapling":
	{
		"farming": 25,
		"woodcutting": 35
	},
	"autumnity:orange_maple_sapling":
	{
		"farming": 35,
		"woodcutting": 45
	},
	"autumnity:red_maple_sapling":
	{
		"farming": 30,
		"woodcutting": 50
	},
	"autumnity:yellow_maple_sapling":
	{
		"farming": 30,
		"woodcutting": 40
	},
	"biomesoplenty:dead_sapling":
	{
		"farming": 15,
		"woodcutting": 15
	},
	"biomesoplenty:fir_sapling":
	{
		"farming": 35,
		"woodcutting": 35
	},
	"biomesoplenty:flowering_oak_sapling":
	{
		"farming": 30,
		"woodcutting": 20
	},
	"biomesoplenty:hellbark_sapling":
	{
		"farming": 25,
		"woodcutting": 5
	},
	"biomesoplenty:jacaranda_sapling":
	{
		"farming": 45,
		"woodcutting": 20
	},
	"biomesoplenty:magic_sapling":
	{
		"farming": 45,
		"woodcutting": 45
	},
	"biomesoplenty:mahogany_sapling":
	{
		"farming": 25,
		"woodcutting": 35
	},
	"biomesoplenty:maple_sapling":
	{
		"farming": 25,
		"woodcutting": 50
	},
	"biomesoplenty:orange_autumn_sapling":
	{
		"farming": 45,
		"woodcutting": 25
	},
	"biomesoplenty:origin_sapling":
	{
		"farming": 10,
		"woodcutting": 15
	},
	"biomesoplenty:palm_sapling":
	{
		"farming": 15,
		"woodcutting": 15
	},
	"biomesoplenty:pink_cherry_sapling":
	{
		"farming": 40,
		"woodcutting": 20
	},
	"biomesoplenty:rainbow_birch_sapling":
	{
		"farming": 50,
		"woodcutting": 25
	},
	"biomesoplenty:redwood_sapling":
	{
		"farming": 30,
		"woodcutting": 60
	},
	"biomesoplenty:umbran_sapling":
	{
		"farming": 30,
		"woodcutting": 55
	},
	"biomesoplenty:white_cherry_sapling":
	{
		"farming": 35,
		"woodcutting": 25
	},
	"biomesoplenty:willow_sapling":
	{
		"farming": 30,
		"woodcutting": 45
	},
	"biomesoplenty:yellow_autumn_sapling":
	{
		"farming": 35,
		"woodcutting": 25
	},
	"bountifulbaubles:water_candle":
	{
		"magic": 10
	},
	"create:adjustable_crate":
	{
		"building": 10
	},
	"create:adjustable_pulley":
	{
		"building": 10
	},
	"create:adjustable_pulse_repeater":
	{
		"building": 10
	},
	"create:adjustable_repeater":
	{
		"building": 10
	},
	"create:analog_lever":
	{
		"building": 10
	},
	"create:andesite_casing":
	{
		"building": 10
	},
	"create:basin":
	{
		"building": 10
	},
	"create:belt_connector":
	{
		"building": 10
	},
	"create:belt_observer":
	{
		"building": 10
	},
	"create:belt_tunnel":
	{
		"building": 10
	},
	"create:brass_casing":
	{
		"building": 10
	},
	"create:cart_assembler":
	{
		"building": 10
	},
	"create:clockwork_bearing":
	{
		"building": 10
	},
	"create:clutch":
	{
		"building": 10
	},
	"create:cogwheel":
	{
		"building": 10
	},
	"create:copper_casing":
	{
		"building": 10
	},
	"create:cuckoo_clock":
	{
		"building": 10
	},
	"create:deployer":
	{
		"building": 10
	},
	"create:encased_belt":
	{
		"building": 10
	},
	"create:encased_fan":
	{
		"building": 10
	},
	"create:encased_shaft":
	{
		"building": 10
	},
	"create:extractor":
	{
		"building": 10
	},
	"create:funnel":
	{
		"building": 10
	},
	"create:gearbox":
	{
		"building": 10
	},
	"create:gearshift":
	{
		"building": 10
	},
	"create:hand_crank":
	{
		"building": 10
	},
	"create:large_cogwheel":
	{
		"building": 10
	},
	"create:linear_chassis":
	{
		"building": 10
	},
	"create:linked_extractor":
	{
		"building": 10
	},
	"create:linked_transposer":
	{
		"building": 10
	},
	"create:mechanical_bearing":
	{
		"building": 10
	},
	"create:mechanical_crafter":
	{
		"building": 10
	},
	"create:mechanical_drill":
	{
		"building": 10
	},
	"create:mechanical_harvester":
	{
		"building": 10
	},
	"create:mechanical_mixer":
	{
		"building": 10
	},
	"create:mechanical_piston":
	{
		"building": 10
	},
	"create:mechanical_plough":
	{
		"building": 10
	},
	"create:mechanical_press":
	{
		"building": 10
	},
	"create:mechanical_saw":
	{
		"building": 10
	},
	"create:millstone":
	{
		"building": 10
	},
	"create:nozzle":
	{
		"building": 10
	},
	"create:piston_extension_pole":
	{
		"building": 10
	},
	"create:portable_storage_interface":
	{
		"building": 10
	},
	"create:powered_latch":
	{
		"building": 10
	},
	"create:powered_toggle_latch":
	{
		"building": 10
	},
	"create:pulse_repeater":
	{
		"building": 10
	},
	"create:radial_chassis":
	{
		"building": 10
	},
	"create:redstone_contact":
	{
		"building": 10
	},
	"create:redstone_link":
	{
		"building": 20
	},
	"create:rope_pulley":
	{
		"building": 10
	},
	"create:rotation_speed_controller":
	{
		"building": 10
	},
	"create:schematic_table":
	{
		"building": 10
	},
	"create:schematicannon":
	{
		"building": 20
	},
	"create:secondary_linear_chassis":
	{
		"building": 10
	},
	"create:sequenced_gearshift":
	{
		"building": 10
	},
	"create:shaft":
	{
		"building": 10
	},
	"create:speedometer":
	{
		"building": 10
	},
	"create:sticky_mechanical_piston":
	{
		"building": 10
	},
	"create:stockpile_switch":
	{
		"building": 10
	},
	"create:stressometer":
	{
		"building": 10
	},
	"create:transposer":
	{
		"building": 10
	},
	"create:turntable":
	{
		"building": 10
	},
	"create:vertical_gearbox":
	{
		"building": 10
	},
	"create:wand_of_symmetry":
	{
		"building": 20
	},
	"create:water_wheel":
	{
		"building": 10
	},
	"enderstorage:ender_chest":
	{
		"building": 30
	},
	"enderstorage:ender_tank":
	{
		"building": 40
	},
	"ironchest:copper_chest":
	{
		"building": 10
	},
	"ironchest:crystal_chest":
	{
		"building": 50
	},
	"ironchest:diamond_chest":
	{
		"building": 40
	},
	"ironchest:gold_chest":
	{
		"building": 30
	},
	"ironchest:iron_chest":
	{
		"building": 20
	},
	"ironchest:obsidian_chest":
	{
		"building": 50
	},
	"ironchest:silver_chest":
	{
		"building": 20
	},
	"minecraft:acacia_sapling":
	{
		"farming": 5,
		"woodcutting": 15
	},
	"minecraft:birch_sapling":
	{
		"farming": 10,
		"woodcutting": 15
	},
	"minecraft:blast_furnace":
	{
		"building": 10
	},
	"minecraft:dark_oak_sapling":
	{
		"farming": 10,
		"woodcutting": 25
	},
	"minecraft:enchanting_table":
	{
		"building": 25
	},
	"minecraft:jungle_sapling":
	{
		"farming": 20,
		"woodcutting": 35
	},
	"minecraft:oak_sapling":
	{
		"farming": 5,
		"woodcutting": 10
	},
	"minecraft:scaffolding":
	{
		"building": 10
	},
	"minecraft:smoker":
	{
		"building": 10
	},
	"minecraft:spruce_sapling":
	{
		"farming": 15,
		"woodcutting": 30
	},
	"minecraft:stonecutter":
	{
		"building": 10
	},
	"storagedrawers:compacting_drawers_3":
	{
		"building": 15
	},
	"storagedrawers:controller":
	{
		"building": 20
	},
	"storagedrawers:controller_slave":
	{
		"building": 25
	},
	"traverse:brown_autumnal_sapling":
	{
		"farming": 30,
		"woodcutting": 30
	},
	"traverse:fir_sapling":
	{
		"farming": 35,
		"woodcutting": 60
	},
	"traverse:orange_autumnal_sapling":
	{
		"farming": 25,
		"woodcutting": 35
	},
	"traverse:red_autumnal_sapling":
	{
		"farming": 35,
		"woodcutting": 25
	},
	"traverse:yellow_autumnal_sapling":
	{
		"farming": 30,
		"woodcutting": 35
	},
	"treemendous:alder_sapling":
	{
		"farming": 15,
		"woodcutting": 30
	},
	"treemendous:ash_sapling":
	{
		"farming": 15,
		"woodcutting": 30
	},
	"treemendous:beech_sapling":
	{
		"farming": 15,
		"woodcutting": 30
	},
	"treemendous:brown_maple_sapling":
	{
		"farming": 15,
		"woodcutting": 30
	},
	"treemendous:cedar_sapling":
	{
		"farming": 15,
		"woodcutting": 30
	},
	"treemendous:cherry_sapling":
	{
		"farming": 15,
		"woodcutting": 30
	},
	"treemendous:chestnut_sapling":
	{
		"farming": 15,
		"woodcutting": 30
	},
	"treemendous:douglas_sapling":
	{
		"farming": 15,
		"woodcutting": 30
	},
	"treemendous:elm_sapling":
	{
		"farming": 15,
		"woodcutting": 30
	},
	"treemendous:fir_sapling":
	{
		"farming": 15,
		"woodcutting": 30
	},
	"treemendous:japanese_sapling":
	{
		"farming": 15,
		"woodcutting": 30
	},
	"treemendous:juniper_sapling":
	{
		"farming": 15,
		"woodcutting": 30
	},
	"treemendous:larch_sapling":
	{
		"farming": 15,
		"woodcutting": 30
	},
	"treemendous:linden_sapling":
	{
		"farming": 15,
		"woodcutting": 30
	},
	"treemendous:magnolia_sapling":
	{
		"farming": 15,
		"woodcutting": 30
	},
	"treemendous:maple_sapling":
	{
		"farming": 15,
		"woodcutting": 30
	},
	"treemendous:pine_sapling":
	{
		"farming": 15,
		"woodcutting": 30
	},
	"treemendous:plane_sapling":
	{
		"farming": 15,
		"woodcutting": 30
	},
	"treemendous:pomegranate_sapling":
	{
		"farming": 15,
		"woodcutting": 30
	},
	"treemendous:poplar_sapling":
	{
		"farming": 15,
		"woodcutting": 30
	},
	"treemendous:rainbow_eucalyptus_sapling":
	{
		"farming": 15,
		"woodcutting": 30
	},
	"treemendous:red_maple_sapling":
	{
		"farming": 15,
		"woodcutting": 30
	},
	"treemendous:robinia_sapling":
	{
		"farming": 15,
		"woodcutting": 30
	},
	"treemendous:walnut_sapling":
	{
		"farming": 15,
		"woodcutting": 30
	},
	"treemendous:willow_sapling":
	{
		"farming": 15,
		"woodcutting": 30
	}
}