{
	"aquaculture:neptunium_boots":
	{
		"endurance": 45
	},
	"aquaculture:neptunium_chestplate":
	{
		"endurance": 45
	},
	"aquaculture:neptunium_helmet":
	{
		"endurance": 45
	},
	"aquaculture:neptunium_leggings":
	{
		"endurance": 45
	},
	"bountifulbaubles:amulet_cross":
	{
		"magic": 2
	},
	"bountifulbaubles:ankh_charm":
	{
		"endurance": 5
	},
	"bountifulbaubles:apple":
	{
		"endurance": 5
	},
	"bountifulbaubles:balloon":
	{
		"agility": 10
	},
	"bountifulbaubles:bezoar":
	{
		"endurance": 10
	},
	"bountifulbaubles:black_dragon_scale":
	{
		"endurance": 10
	},
	"bountifulbaubles:broken_heart":
	{
		"endurance": 15
	},
	"bountifulbaubles:gloves_dexterity":
	{
		"agility": 5
	},
	"bountifulbaubles:gloves_digging_diamond":
	{
		"endurance": 15,
		"excavation": 40,
		"woodcutting": 40,
		"mining": 40,
		"farming": 30
	},
	"bountifulbaubles:gloves_digging_iron":
	{
		"endurance": 10,
		"excavation": 20,
		"woodcutting": 20,
		"mining": 20,
		"farming": 20
	},
	"bountifulbaubles:lucky_horseshoe":
	{
		"endurance": 15
	},
	"bountifulbaubles:magic_mirror":
	{
		"magic": 2
	},
	"bountifulbaubles:mixed_dragon_scale":
	{
		"endurance": 15
	},
	"bountifulbaubles:obsidian_skull":
	{
		"endurance": 10
	},
	"bountifulbaubles:phylactery_charm":
	{
		"magic": 20
	},
	"bountifulbaubles:ring_free_action":
	{
		"agility": 10
	},
	"bountifulbaubles:ring_overclocking":
	{
		"agility": 10
	},
	"bountifulbaubles:shield_ankh":
	{
		"endurance": 5
	},
	"bountifulbaubles:shield_cobalt":
	{
		"endurance": 5
	},
	"bountifulbaubles:shield_obsidian":
	{
		"endurance": 5
	},
	"bountifulbaubles:shulker_heart":
	{
		"agility": 10
	},
	"bountifulbaubles:sunglasses":
	{
		"endurance": 5
	},
	"bountifulbaubles:vitamins":
	{
		"endurance": 5
	},
	"create:goggles":
	{
		"crafting": 25
	},
	"doomweapon:astro_doom_boots":
	{
		"endurance": 80,
		"combat": 70,
		"agility": 60
	},
	"doomweapon:astro_doom_chestplate":
	{
		"endurance": 80,
		"combat": 70,
		"agility": 60
	},
	"doomweapon:astro_doom_helmet":
	{
		"endurance": 80,
		"combat": 70,
		"agility": 60
	},
	"doomweapon:astro_doom_leggings":
	{
		"endurance": 80,
		"combat": 70,
		"agility": 60
	},
	"doomweapon:classic_black_chestplate":
	{
		"endurance": 83,
		"combat": 73,
		"agility": 70
	},
	"doomweapon:classic_bronze_chestplate":
	{
		"endurance": 83,
		"combat": 73,
		"agility": 70
	},
	"doomweapon:classic_bronze_leggings":
	{
		"endurance": 83,
		"combat": 73,
		"agility": 70
	},
	"doomweapon:classic_doom_boots":
	{
		"endurance": 83,
		"combat": 70,
		"agility": 70
	},
	"doomweapon:classic_doom_chestplate":
	{
		"endurance": 83,
		"combat": 70,
		"agility": 70
	},
	"doomweapon:classic_doom_helmet":
	{
		"endurance": 83,
		"combat": 70,
		"agility": 70
	},
	"doomweapon:classic_doom_leggings":
	{
		"endurance": 83,
		"combat": 70,
		"agility": 70
	},
	"doomweapon:classic_red_chestplate":
	{
		"endurance": 83,
		"combat": 70,
		"agility": 70
	},
	"doomweapon:classic_red_leggings":
	{
		"endurance": 83,
		"combat": 73,
		"agility": 70
	},
	"doomweapon:crimson_doom_boots":
	{
		"endurance": 84,
		"combat": 74,
		"agility": 70
	},
	"doomweapon:crimson_doom_chestplate":
	{
		"endurance": 84,
		"combat": 74,
		"agility": 70
	},
	"doomweapon:crimson_doom_helmet":
	{
		"endurance": 84,
		"combat": 74,
		"agility": 70
	},
	"doomweapon:crimson_doom_leggings":
	{
		"endurance": 84,
		"combat": 74,
		"agility": 70
	},
	"doomweapon:cultist_doom_boots":
	{
		"endurance": 85,
		"combat": 75,
		"agility": 70
	},
	"doomweapon:cultist_doom_chestplate":
	{
		"endurance": 85,
		"combat": 75,
		"agility": 70
	},
	"doomweapon:cultist_doom_helmet":
	{
		"endurance": 84,
		"combat": 74,
		"agility": 70
	},
	"doomweapon:cultist_doom_leggings":
	{
		"endurance": 85,
		"combat": 75,
		"agility": 70
	},
	"doomweapon:demonic_doom_boots":
	{
		"endurance": 86,
		"combat": 76,
		"agility": 70
	},
	"doomweapon:demonic_doom_chestplate":
	{
		"endurance": 86,
		"combat": 76,
		"agility": 70
	},
	"doomweapon:demonic_doom_helmet":
	{
		"endurance": 86,
		"combat": 76,
		"agility": 70
	},
	"doomweapon:demonic_doom_leggings":
	{
		"endurance": 86,
		"combat": 76,
		"agility": 70
	},
	"doomweapon:doomicorn_doom_boots":
	{
		"endurance": 87,
		"combat": 77,
		"agility": 70
	},
	"doomweapon:doomicorn_doom_chestplate":
	{
		"endurance": 87,
		"combat": 77,
		"agility": 70
	},
	"doomweapon:doomicorn_doom_helmet":
	{
		"endurance": 87,
		"combat": 77,
		"agility": 70
	},
	"doomweapon:doomicorn_doom_leggings":
	{
		"endurance": 87,
		"combat": 77,
		"agility": 70
	},
	"doomweapon:ember_doom_boots":
	{
		"endurance": 88,
		"combat": 78,
		"agility": 70
	},
	"doomweapon:ember_doom_chestplate":
	{
		"endurance": 88,
		"combat": 78,
		"agility": 70
	},
	"doomweapon:ember_doom_helmet":
	{
		"endurance": 88,
		"combat": 78,
		"agility": 70
	},
	"doomweapon:ember_doom_leggings":
	{
		"endurance": 88,
		"combat": 78,
		"agility": 70
	},
	"doomweapon:gold_doom_boots":
	{
		"endurance": 89,
		"combat": 79,
		"agility": 70
	},
	"doomweapon:gold_doom_chestplate":
	{
		"endurance": 89,
		"combat": 79,
		"agility": 70
	},
	"doomweapon:gold_doom_helmet":
	{
		"endurance": 89,
		"combat": 79,
		"agility": 70
	},
	"doomweapon:gold_doom_leggings":
	{
		"endurance": 89,
		"combat": 79,
		"agility": 70
	},
	"doomweapon:maykr_doom_boots":
	{
		"endurance": 90,
		"combat": 80,
		"agility": 80
	},
	"doomweapon:maykr_doom_chestplate":
	{
		"endurance": 90,
		"combat": 80,
		"agility": 80
	},
	"doomweapon:maykr_doom_helmet":
	{
		"endurance": 90,
		"combat": 80,
		"agility": 80
	},
	"doomweapon:maykr_doom_leggings":
	{
		"endurance": 90,
		"combat": 80,
		"agility": 80
	},
	"doomweapon:midnight_doom_boots":
	{
		"endurance": 91,
		"combat": 81,
		"agility": 80
	},
	"doomweapon:midnight_doom_chestplate":
	{
		"endurance": 91,
		"combat": 81,
		"agility": 80
	},
	"doomweapon:midnight_doom_helmet":
	{
		"endurance": 91,
		"combat": 81,
		"agility": 80
	},
	"doomweapon:midnight_doom_leggings":
	{
		"endurance": 91,
		"combat": 81,
		"agility": 80
	},
	"doomweapon:nightmare_doom_boots":
	{
		"endurance": 93,
		"combat": 83,
		"agility": 80
	},
	"doomweapon:nightmare_doom_chestplate":
	{
		"endurance": 93,
		"combat": 83,
		"agility": 80
	},
	"doomweapon:nightmare_doom_helmet":
	{
		"endurance": 93,
		"combat": 83,
		"agility": 80
	},
	"doomweapon:nightmare_doom_leggings":
	{
		"endurance": 93,
		"combat": 83,
		"agility": 80
	},
	"doomweapon:painter_doom_boots":
	{
		"endurance": 94,
		"combat": 84,
		"agility": 80
	},
	"doomweapon:painter_doom_chestplate":
	{
		"endurance": 94,
		"combat": 84,
		"agility": 80
	},
	"doomweapon:painter_doom_helmet":
	{
		"endurance": 94,
		"combat": 84,
		"agility": 80
	},
	"doomweapon:painter_doom_leggings":
	{
		"endurance": 94,
		"combat": 84,
		"agility": 80
	},
	"doomweapon:phobos_doom_boots":
	{
		"endurance": 95,
		"combat": 85,
		"agility": 80
	},
	"doomweapon:phobos_doom_chestplate":
	{
		"endurance": 95,
		"combat": 85,
		"agility": 80
	},
	"doomweapon:phobos_doom_helmet":
	{
		"endurance": 95,
		"combat": 85,
		"agility": 80
	},
	"doomweapon:phobos_doom_leggings":
	{
		"endurance": 95,
		"combat": 85,
		"agility": 80
	},
	"doomweapon:praetor_doom_boots":
	{
		"endurance": 96,
		"combat": 86,
		"agility": 80
	},
	"doomweapon:praetor_doom_chestplate":
	{
		"endurance": 96,
		"combat": 86,
		"agility": 80
	},
	"doomweapon:praetor_doom_helmet":
	{
		"endurance": 96,
		"combat": 86,
		"agility": 80
	},
	"doomweapon:praetor_doom_leggings":
	{
		"endurance": 96,
		"combat": 86,
		"agility": 80
	},
	"doomweapon:purplepony_doom_boots":
	{
		"endurance": 97,
		"combat": 87,
		"agility": 80
	},
	"doomweapon:purplepony_doom_chestplate":
	{
		"endurance": 97,
		"combat": 87,
		"agility": 80
	},
	"doomweapon:purplepony_doom_helmet":
	{
		"endurance": 97,
		"combat": 87,
		"agility": 80
	},
	"doomweapon:purplepony_doom_leggings":
	{
		"endurance": 97,
		"combat": 87,
		"agility": 80
	},
	"doomweapon:redneck_doom_boots":
	{
		"endurance": 92,
		"combat": 82,
		"agility": 80
	},
	"doomweapon:redneck_doom_leggings":
	{
		"endurance": 92,
		"combat": 82,
		"agility": 80
	},
	"doomweapon:sentinel_doom_boots":
	{
		"endurance": 98,
		"combat": 88,
		"agility": 80
	},
	"doomweapon:sentinel_doom_chestplate":
	{
		"endurance": 98,
		"combat": 88,
		"agility": 80
	},
	"doomweapon:sentinel_doom_helmet":
	{
		"endurance": 98,
		"combat": 88,
		"agility": 80
	},
	"doomweapon:sentinel_doom_leggings":
	{
		"endurance": 98,
		"combat": 88,
		"agility": 80
	},
	"doomweapon:zombie_doom_boots":
	{
		"endurance": 99,
		"combat": 89,
		"agility": 90
	},
	"doomweapon:zombie_doom_chestplate":
	{
		"endurance": 99,
		"combat": 89,
		"agility": 90
	},
	"doomweapon:zombie_doom_helmet":
	{
		"endurance": 99,
		"combat": 89,
		"agility": 90
	},
	"doomweapon:zombie_doom_leggings":
	{
		"endurance": 99,
		"combat": 89,
		"agility": 90
	},
	"dungeons_gear:archers_hood":
	{
		"endurance": 20
	},
	"dungeons_gear:archers_vest":
	{
		"endurance": 20
	},
	"dungeons_gear:battle_robe":
	{
		"endurance": 20
	},
	"dungeons_gear:cave_crawler_chestplate":
	{
		"endurance": 40
	},
	"dungeons_gear:cave_crawler_helmet":
	{
		"endurance": 40
	},
	"dungeons_gear:champions_chestplate":
	{
		"endurance": 30
	},
	"dungeons_gear:champions_helmet":
	{
		"endurance": 30
	},
	"dungeons_gear:curious_chestplate":
	{
		"endurance": 30
	},
	"dungeons_gear:curious_helmet":
	{
		"endurance": 30
	},
	"dungeons_gear:dark_chestplate":
	{
		"endurance": 30
	},
	"dungeons_gear:dark_helmet":
	{
		"endurance": 30
	},
	"dungeons_gear:ember_hat":
	{
		"endurance": 30
	},
	"dungeons_gear:ember_robe":
	{
		"endurance": 30
	},
	"dungeons_gear:evocation_hat":
	{
		"endurance": 30
	},
	"dungeons_gear:evocation_robe":
	{
		"endurance": 30
	},
	"dungeons_gear:fox_hood":
	{
		"endurance": 40
	},
	"dungeons_gear:fox_vest":
	{
		"endurance": 40
	},
	"dungeons_gear:frost_bite_chestplate":
	{
		"endurance": 40
	},
	"dungeons_gear:frost_bite_helmet":
	{
		"endurance": 40
	},
	"dungeons_gear:frost_chestplate":
	{
		"endurance": 40
	},
	"dungeons_gear:frost_helmet":
	{
		"endurance": 40
	},
	"dungeons_gear:full_metal_chestplate":
	{
		"endurance": 40
	},
	"dungeons_gear:full_metal_helmet":
	{
		"endurance": 40
	},
	"dungeons_gear:grim_chestplate":
	{
		"endurance": 30
	},
	"dungeons_gear:grim_helmet":
	{
		"endurance": 30
	},
	"dungeons_gear:guards_chestplate":
	{
		"endurance": 30
	},
	"dungeons_gear:guards_helmet":
	{
		"endurance": 30
	},
	"dungeons_gear:heroes_chestplate":
	{
		"endurance": 40
	},
	"dungeons_gear:heroes_helmet":
	{
		"endurance": 40
	},
	"dungeons_gear:highland_chestplate":
	{
		"endurance": 40
	},
	"dungeons_gear:highland_helmet":
	{
		"endurance": 40
	},
	"dungeons_gear:hunters_vest":
	{
		"endurance": 10
	},
	"dungeons_gear:mercenary_chestplate":
	{
		"endurance": 30
	},
	"dungeons_gear:mercenary_helmet":
	{
		"endurance": 30
	},
	"dungeons_gear:ocelot_hood":
	{
		"endurance": 30
	},
	"dungeons_gear:ocelot_vest":
	{
		"endurance": 30
	},
	"dungeons_gear:phantom_chestplate":
	{
		"endurance": 40
	},
	"dungeons_gear:phantom_helmet":
	{
		"endurance": 40
	},
	"dungeons_gear:plate_chestplate":
	{
		"endurance": 40
	},
	"dungeons_gear:plate_helmet":
	{
		"endurance": 40
	},
	"dungeons_gear:reinforced_mail_chestplate":
	{
		"endurance": 30
	},
	"dungeons_gear:reinforced_mail_helmet":
	{
		"endurance": 30
	},
	"dungeons_gear:renegade_chestplate":
	{
		"endurance": 40
	},
	"dungeons_gear:renegade_helmet":
	{
		"endurance": 40
	},
	"dungeons_gear:royal_guard_chestplate":
	{
		"endurance": 30
	},
	"dungeons_gear:royal_guard_helmet":
	{
		"endurance": 30
	},
	"dungeons_gear:scale_mail_chestplate":
	{
		"endurance": 30
	},
	"dungeons_gear:scale_mail_helmet":
	{
		"endurance": 30
	},
	"dungeons_gear:shadow_walker_hood":
	{
		"endurance": 30
	},
	"dungeons_gear:shadow_walker_vest":
	{
		"endurance": 30
	},
	"dungeons_gear:snow_chestplate":
	{
		"endurance": 30
	},
	"dungeons_gear:snow_helmet":
	{
		"endurance": 30
	},
	"dungeons_gear:soul_hood":
	{
		"endurance": 30
	},
	"dungeons_gear:soul_robe":
	{
		"endurance": 30
	},
	"dungeons_gear:souldancer_hood":
	{
		"endurance": 40
	},
	"dungeons_gear:souldancer_robe":
	{
		"endurance": 40
	},
	"dungeons_gear:spelunker_chestplate":
	{
		"endurance": 30
	},
	"dungeons_gear:spelunker_helmet":
	{
		"endurance": 30
	},
	"dungeons_gear:spider_hood":
	{
		"endurance": 40
	},
	"dungeons_gear:spider_vest":
	{
		"endurance": 40
	},
	"dungeons_gear:splendid_robe":
	{
		"endurance": 30
	},
	"dungeons_gear:stalwart_chestplate":
	{
		"endurance": 40
	},
	"dungeons_gear:stalwart_helmet":
	{
		"endurance": 40
	},
	"dungeons_gear:thief_hood":
	{
		"endurance": 30
	},
	"dungeons_gear:thief_vest":
	{
		"endurance": 30
	},
	"dungeons_gear:titans_shroud_chestplate":
	{
		"endurance": 40
	},
	"dungeons_gear:titans_shroud_helmet":
	{
		"endurance": 40
	},
	"dungeons_gear:wither_chestplate":
	{
		"endurance": 30
	},
	"dungeons_gear:wither_helmet":
	{
		"endurance": 30
	},
	"dungeons_gear:wolf_hood":
	{
		"endurance": 30
	},
	"dungeons_gear:wolf_vest":
	{
		"endurance": 30
	},
	"endreborn:ender_boots":
	{
		"endurance": 45
	},
	"endreborn:wolframium_boots":
	{
		"endurance": 32
	},
	"endreborn:wolframium_chestplate":
	{
		"endurance": 32
	},
	"endreborn:wolframium_helmet":
	{
		"endurance": 32
	},
	"endreborn:wolframium_leggings":
	{
		"endurance": 32
	},
	"extendednether:netherite_boots":
	{
		"endurance": 60
	},
	"extendednether:netherite_chestplate":
	{
		"endurance": 60
	},
	"extendednether:netherite_helmet":
	{
		"endurance": 60
	},
	"extendednether:netherite_leggings":
	{
		"endurance": 60
	},
	"harcorebattletowers:evil_armorbody":
	{
		"endurance": 85
	},
	"harcorebattletowers:evil_armorboots":
	{
		"endurance": 85
	},
	"harcorebattletowers:evil_armorhelmet":
	{
		"endurance": 85
	},
	"harcorebattletowers:evil_armorlegs":
	{
		"endurance": 85
	},
	"iceandfire:armor_amythest_boots":
	{
		"endurance": 60
	},
	"iceandfire:armor_amythest_chestplate":
	{
		"endurance": 60
	},
	"iceandfire:armor_amythest_helmet":
	{
		"endurance": 60
	},
	"iceandfire:armor_amythest_leggings":
	{
		"endurance": 60
	},
	"iceandfire:armor_black_boots":
	{
		"endurance": 60
	},
	"iceandfire:armor_black_chestplate":
	{
		"endurance": 60
	},
	"iceandfire:armor_black_helmet":
	{
		"endurance": 60
	},
	"iceandfire:armor_black_leggings":
	{
		"endurance": 60
	},
	"iceandfire:armor_blue_boots":
	{
		"endurance": 60
	},
	"iceandfire:armor_blue_chestplate":
	{
		"endurance": 60
	},
	"iceandfire:armor_blue_helmet":
	{
		"endurance": 60
	},
	"iceandfire:armor_blue_leggings":
	{
		"endurance": 60
	},
	"iceandfire:armor_bronze_boots":
	{
		"endurance": 60
	},
	"iceandfire:armor_bronze_chestplate":
	{
		"endurance": 60
	},
	"iceandfire:armor_bronze_helmet":
	{
		"endurance": 60
	},
	"iceandfire:armor_bronze_leggings":
	{
		"endurance": 60
	},
	"iceandfire:armor_copper_boots":
	{
		"endurance": 60
	},
	"iceandfire:armor_copper_chestplate":
	{
		"endurance": 60
	},
	"iceandfire:armor_copper_helmet":
	{
		"endurance": 60
	},
	"iceandfire:armor_copper_leggings":
	{
		"endurance": 60
	},
	"iceandfire:armor_copper_metal_boots":
	{
		"endurance": 10
	},
	"iceandfire:armor_copper_metal_chestplate":
	{
		"endurance": 10
	},
	"iceandfire:armor_copper_metal_helmet":
	{
		"endurance": 10
	},
	"iceandfire:armor_copper_metal_leggings":
	{
		"endurance": 10
	},
	"iceandfire:armor_electric_boots":
	{
		"endurance": 60
	},
	"iceandfire:armor_electric_chestplate":
	{
		"endurance": 60
	},
	"iceandfire:armor_electric_helmet":
	{
		"endurance": 60
	},
	"iceandfire:armor_electric_leggings":
	{
		"endurance": 60
	},
	"iceandfire:armor_gray_boots":
	{
		"endurance": 60
	},
	"iceandfire:armor_gray_chestplate":
	{
		"endurance": 60
	},
	"iceandfire:armor_gray_helmet":
	{
		"endurance": 60
	},
	"iceandfire:armor_gray_leggings":
	{
		"endurance": 60
	},
	"iceandfire:armor_green_boots":
	{
		"endurance": 60
	},
	"iceandfire:armor_green_chestplate":
	{
		"endurance": 60
	},
	"iceandfire:armor_green_helmet":
	{
		"endurance": 60
	},
	"iceandfire:armor_green_leggings":
	{
		"endurance": 60
	},
	"iceandfire:armor_red_boots":
	{
		"endurance": 60
	},
	"iceandfire:armor_red_chestplate":
	{
		"endurance": 60
	},
	"iceandfire:armor_red_helmet":
	{
		"endurance": 60
	},
	"iceandfire:armor_red_leggings":
	{
		"endurance": 60
	},
	"iceandfire:armor_sapphire_boots":
	{
		"endurance": 60
	},
	"iceandfire:armor_sapphire_chestplate":
	{
		"endurance": 60
	},
	"iceandfire:armor_sapphire_helmet":
	{
		"endurance": 60
	},
	"iceandfire:armor_sapphire_leggings":
	{
		"endurance": 60
	},
	"iceandfire:armor_silver_boots":
	{
		"endurance": 60
	},
	"iceandfire:armor_silver_chestplate":
	{
		"endurance": 60
	},
	"iceandfire:armor_silver_helmet":
	{
		"endurance": 60
	},
	"iceandfire:armor_silver_leggings":
	{
		"endurance": 60
	},
	"iceandfire:armor_silver_metal_boots":
	{
		"endurance": 20
	},
	"iceandfire:armor_silver_metal_chestplate":
	{
		"endurance": 20
	},
	"iceandfire:armor_silver_metal_helmet":
	{
		"endurance": 20
	},
	"iceandfire:armor_silver_metal_leggings":
	{
		"endurance": 20
	},
	"iceandfire:armor_white_boots":
	{
		"endurance": 60
	},
	"iceandfire:armor_white_chestplate":
	{
		"endurance": 60
	},
	"iceandfire:armor_white_helmet":
	{
		"endurance": 60
	},
	"iceandfire:armor_white_leggings":
	{
		"endurance": 60
	},
	"iceandfire:deathworm_red_boots":
	{
		"endurance": 30
	},
	"iceandfire:deathworm_red_chestplate":
	{
		"endurance": 30
	},
	"iceandfire:deathworm_red_helmet":
	{
		"endurance": 30
	},
	"iceandfire:deathworm_red_leggings":
	{
		"endurance": 30
	},
	"iceandfire:deathworm_white_boots":
	{
		"endurance": 30
	},
	"iceandfire:deathworm_white_chestplate":
	{
		"endurance": 30
	},
	"iceandfire:deathworm_white_helmet":
	{
		"endurance": 30
	},
	"iceandfire:deathworm_white_leggings":
	{
		"endurance": 30
	},
	"iceandfire:deathworm_yellow_boots":
	{
		"endurance": 30
	},
	"iceandfire:deathworm_yellow_chestplate":
	{
		"endurance": 30
	},
	"iceandfire:deathworm_yellow_helmet":
	{
		"endurance": 30
	},
	"iceandfire:deathworm_yellow_leggings":
	{
		"endurance": 30
	},
	"iceandfire:dragonsteel_fire_boots":
	{
		"endurance": 70
	},
	"iceandfire:dragonsteel_fire_chestplate":
	{
		"endurance": 70
	},
	"iceandfire:dragonsteel_fire_helmet":
	{
		"endurance": 70
	},
	"iceandfire:dragonsteel_fire_leggings":
	{
		"endurance": 70
	},
	"iceandfire:dragonsteel_ice_boots":
	{
		"endurance": 70
	},
	"iceandfire:dragonsteel_ice_chestplate":
	{
		"endurance": 70
	},
	"iceandfire:dragonsteel_ice_helmet":
	{
		"endurance": 70
	},
	"iceandfire:dragonsteel_ice_leggings":
	{
		"endurance": 70
	},
	"iceandfire:dragonsteel_lightning_boots":
	{
		"endurance": 70
	},
	"iceandfire:dragonsteel_lightning_chestplate":
	{
		"endurance": 70
	},
	"iceandfire:dragonsteel_lightning_helmet":
	{
		"endurance": 70
	},
	"iceandfire:dragonsteel_lightning_leggings":
	{
		"endurance": 70
	},
	"iceandfire:forest_troll_leather_boots":
	{
		"endurance": 25
	},
	"iceandfire:forest_troll_leather_chestplate":
	{
		"endurance": 25
	},
	"iceandfire:forest_troll_leather_helmet":
	{
		"endurance": 25
	},
	"iceandfire:forest_troll_leather_leggings":
	{
		"endurance": 25
	},
	"iceandfire:frost_troll_leather_boots":
	{
		"endurance": 25
	},
	"iceandfire:frost_troll_leather_chestplate":
	{
		"endurance": 25
	},
	"iceandfire:frost_troll_leather_helmet":
	{
		"endurance": 25
	},
	"iceandfire:frost_troll_leather_leggings":
	{
		"endurance": 25
	},
	"iceandfire:mountain_troll_leather_boots":
	{
		"endurance": 25
	},
	"iceandfire:mountain_troll_leather_chestplate":
	{
		"endurance": 25
	},
	"iceandfire:mountain_troll_leather_helmet":
	{
		"endurance": 25
	},
	"iceandfire:mountain_troll_leather_leggings":
	{
		"endurance": 25
	},
	"iceandfire:myrmex_desert_boots":
	{
		"endurance": 30
	},
	"iceandfire:myrmex_desert_chestplate":
	{
		"endurance": 30
	},
	"iceandfire:myrmex_desert_helmet":
	{
		"endurance": 30
	},
	"iceandfire:myrmex_desert_leggings":
	{
		"endurance": 30
	},
	"iceandfire:myrmex_jungle_boots":
	{
		"endurance": 30
	},
	"iceandfire:myrmex_jungle_chestplate":
	{
		"endurance": 30
	},
	"iceandfire:myrmex_jungle_helmet":
	{
		"endurance": 30
	},
	"iceandfire:myrmex_jungle_leggings":
	{
		"endurance": 30
	},
	"iceandfire:sheep_boots":
	{
		"endurance": 5
	},
	"iceandfire:sheep_chestplate":
	{
		"endurance": 5
	},
	"iceandfire:sheep_helmet":
	{
		"endurance": 5
	},
	"iceandfire:sheep_leggings":
	{
		"endurance": 5
	},
	"iceandfire:tide_blue_boots":
	{
		"endurance": 60
	},
	"iceandfire:tide_blue_chestplate":
	{
		"endurance": 60
	},
	"iceandfire:tide_blue_helmet":
	{
		"endurance": 60
	},
	"iceandfire:tide_blue_leggings":
	{
		"endurance": 60
	},
	"iceandfire:tide_bronze_boots":
	{
		"endurance": 60
	},
	"iceandfire:tide_bronze_chestplate":
	{
		"endurance": 60
	},
	"iceandfire:tide_bronze_helmet":
	{
		"endurance": 60
	},
	"iceandfire:tide_bronze_leggings":
	{
		"endurance": 60
	},
	"iceandfire:tide_deepblue_boots":
	{
		"endurance": 60
	},
	"iceandfire:tide_deepblue_chestplate":
	{
		"endurance": 60
	},
	"iceandfire:tide_deepblue_helmet":
	{
		"endurance": 60
	},
	"iceandfire:tide_deepblue_leggings":
	{
		"endurance": 60
	},
	"iceandfire:tide_green_boots":
	{
		"endurance": 60
	},
	"iceandfire:tide_green_chestplate":
	{
		"endurance": 60
	},
	"iceandfire:tide_green_helmet":
	{
		"endurance": 60
	},
	"iceandfire:tide_green_leggings":
	{
		"endurance": 60
	},
	"iceandfire:tide_purple_boots":
	{
		"endurance": 60
	},
	"iceandfire:tide_purple_chestplate":
	{
		"endurance": 60
	},
	"iceandfire:tide_purple_helmet":
	{
		"endurance": 60
	},
	"iceandfire:tide_purple_leggings":
	{
		"endurance": 60
	},
	"iceandfire:tide_red_boots":
	{
		"endurance": 60
	},
	"iceandfire:tide_red_chestplate":
	{
		"endurance": 60
	},
	"iceandfire:tide_red_helmet":
	{
		"endurance": 60
	},
	"iceandfire:tide_red_leggings":
	{
		"endurance": 60
	},
	"iceandfire:tide_teal_boots":
	{
		"endurance": 60
	},
	"iceandfire:tide_teal_chestplate":
	{
		"endurance": 60
	},
	"iceandfire:tide_teal_helmet":
	{
		"endurance": 60
	},
	"iceandfire:tide_teal_leggings":
	{
		"endurance": 60
	},
	"minecolonies:pirate_boots":
	{
		"endurance": 30
	},
	"minecolonies:pirate_cap":
	{
		"endurance": 45
	},
	"minecolonies:pirate_chest":
	{
		"endurance": 45
	},
	"minecolonies:pirate_hat":
	{
		"endurance": 30
	},
	"minecolonies:pirate_leggins":
	{
		"endurance": 30
	},
	"minecolonies:pirate_legs":
	{
		"endurance": 45
	},
	"minecolonies:pirate_shoes":
	{
		"endurance": 45
	},
	"minecolonies:pirate_top":
	{
		"endurance": 30
	},
	"minecraft:chainmail_boots":
	{
		"endurance": 20
	},
	"minecraft:chainmail_chestplate":
	{
		"endurance": 20
	},
	"minecraft:chainmail_helmet":
	{
		"endurance": 20
	},
	"minecraft:chainmail_leggings":
	{
		"endurance": 20
	},
	"minecraft:diamond_boots":
	{
		"endurance": 40
	},
	"minecraft:diamond_chestplate":
	{
		"endurance": 40
	},
	"minecraft:diamond_helmet":
	{
		"endurance": 40
	},
	"minecraft:diamond_leggings":
	{
		"endurance": 40
	},
	"minecraft:elytra":
	{
		"agility": 40,
		"endurance": 20
	},
	"minecraft:golden_boots":
	{
		"endurance": 10
	},
	"minecraft:golden_chestplate":
	{
		"endurance": 10
	},
	"minecraft:golden_helmet":
	{
		"endurance": 10
	},
	"minecraft:golden_leggings":
	{
		"endurance": 10
	},
	"minecraft:iron_boots":
	{
		"endurance": 30
	},
	"minecraft:iron_chestplate":
	{
		"endurance": 30
	},
	"minecraft:iron_helmet":
	{
		"endurance": 30
	},
	"minecraft:iron_leggings":
	{
		"endurance": 30
	},
	"minecraft:leather_boots":
	{
		"endurance": 5
	},
	"minecraft:leather_chestplate":
	{
		"endurance": 5
	},
	"minecraft:leather_helmet":
	{
		"endurance": 5
	},
	"minecraft:leather_leggings":
	{
		"endurance": 5
	},
	"minecraft:netherite_boots":
	{
		"endurance": 60
	},
	"minecraft:netherite_chestplate":
	{
		"endurance": 60
	},
	"minecraft:netherite_helmet":
	{
		"endurance": 60
	},
	"minecraft:netherite_leggings":
	{
		"endurance": 60
	},
	"minecraft:turtle_helmet":
	{
		"endurance": 15,
		"swimming": 5
	},
	"oresandmetals:adamant_boots":
	{
		"endurance": 35
	},
	"oresandmetals:adamant_chestplate":
	{
		"endurance": 35
	},
	"oresandmetals:adamant_helmet":
	{
		"endurance": 35
	},
	"oresandmetals:adamant_leggings":
	{
		"endurance": 35
	},
	"oresandmetals:banite_boots":
	{
		"endurance": 80
	},
	"oresandmetals:banite_chestplate":
	{
		"endurance": 80
	},
	"oresandmetals:banite_helmet":
	{
		"endurance": 80
	},
	"oresandmetals:banite_leggings":
	{
		"endurance": 80
	},
	"oresandmetals:bronze_boots":
	{
		"endurance": 5
	},
	"oresandmetals:bronze_chestplate":
	{
		"endurance": 5
	},
	"oresandmetals:bronze_helmet":
	{
		"endurance": 5
	},
	"oresandmetals:bronze_leggings":
	{
		"endurance": 5
	},
	"oresandmetals:elder_rune_boots":
	{
		"endurance": 90
	},
	"oresandmetals:elder_rune_chestplate":
	{
		"endurance": 90
	},
	"oresandmetals:elder_rune_helmet":
	{
		"endurance": 90
	},
	"oresandmetals:elder_rune_leggings":
	{
		"endurance": 90
	},
	"oresandmetals:mithril_boots":
	{
		"endurance": 25
	},
	"oresandmetals:mithril_chestplate":
	{
		"endurance": 25
	},
	"oresandmetals:mithril_helmet":
	{
		"endurance": 25
	},
	"oresandmetals:mithril_leggings":
	{
		"endurance": 25
	},
	"oresandmetals:necronium_boots":
	{
		"endurance": 70
	},
	"oresandmetals:necronium_chestplate":
	{
		"endurance": 70
	},
	"oresandmetals:necronium_helmet":
	{
		"endurance": 70
	},
	"oresandmetals:necronium_leggings":
	{
		"endurance": 70
	},
	"oresandmetals:orikalkum_boots":
	{
		"endurance": 60
	},
	"oresandmetals:orikalkum_chestplate":
	{
		"endurance": 60
	},
	"oresandmetals:orikalkum_helmet":
	{
		"endurance": 60
	},
	"oresandmetals:orikalkum_leggings":
	{
		"endurance": 60
	},
	"oresandmetals:rune_boots":
	{
		"endurance": 50
	},
	"oresandmetals:rune_chestplate":
	{
		"endurance": 50
	},
	"oresandmetals:rune_helmet":
	{
		"endurance": 50
	},
	"oresandmetals:rune_leggings":
	{
		"endurance": 50
	},
	"oresandmetals:steel_boots":
	{
		"endurance": 15
	},
	"oresandmetals:steel_chestplate":
	{
		"endurance": 15
	},
	"oresandmetals:steel_helmet":
	{
		"endurance": 15
	},
	"oresandmetals:steel_leggings":
	{
		"endurance": 15
	}
}