{
	"appliedenergistics2:biometric_card":
	{
		"smithing": 30
	},
	"appliedenergistics2:charger":
	{
		"crafting": 50,
		"smithing": 40
	},
	"appliedenergistics2:condenser":
	{
		"crafting": 55
	},
	"appliedenergistics2:crafting_terminal":
	{
		"crafting": 35,
		"smithing": 30
	},
	"appliedenergistics2:drive":
	{
		"crafting": 50,
		"smithing": 25
	},
	"appliedenergistics2:fluid_terminal":
	{
		"crafting": 40,
		"smithing": 30
	},
	"appliedenergistics2:inscriber":
	{
		"crafting": 45,
		"smithing": 35
	},
	"appliedenergistics2:interface_terminal":
	{
		"crafting": 40,
		"smithing": 40
	},
	"appliedenergistics2:io_port":
	{
		"crafting": 60,
		"smithing": 35
	},
	"appliedenergistics2:memory_card":
	{
		"smithing": 40
	},
	"appliedenergistics2:network_tool":
	{
		"smithing": 25
	},
	"appliedenergistics2:pattern_terminal":
	{
		"crafting": 30,
		"smithing": 35
	},
	"appliedenergistics2:quartz_growth_accelerator":
	{
		"crafting": 50,
		"smithing": 30
	},
	"appliedenergistics2:security_station":
	{
		"crafting": 35,
		"smithing": 15
	},
	"appliedenergistics2:spatial_io_port":
	{
		"crafting": 40,
		"smithing": 30
	},
	"appliedenergistics2:terminal":
	{
		"crafting": 35,
		"smithing": 25
	},
	"appliedenergistics2:wireless_terminal":
	{
		"crafting": 70,
		"smithing": 50
	},
	"aquaculture:diamond_fishing_rod":
	{
		"fishing": 20
	},
	"aquaculture:gold_fishing_rod":
	{
		"fishing": 15
	},
	"aquaculture:iron_fishing_rod":
	{
		"fishing": 10
	},
	"aquaculture:neptunium_bow":
	{
		"agility": 10,
		"archery": 15
	},
	"aquaculture:neptunium_fishing_rod":
	{
		"fishing": 30
	},
	"aquaculture:tackle_box":
	{
		"fishing": 20
	},
	"combustivefishing:blazing_fishing_rod":
	{
		"fishing": 40
	},
	"create:red_sand_paper":
	{
		"smithing": 5
	},
	"create:redstone_link":
	{
		"crafting": 30
	},
	"create:sand_paper":
	{
		"smithing": 5
	},
	"create:super_glue":
	{
		"building": 5
	},
	"create:tree_fertilizer":
	{
		"farming": 10
	},
	"create:wrench":
	{
		"crafting": 15
	},
	"enderstorage:ender_chest":
	{
		"building": 30
	},
	"enderstorage:ender_pouch":
	{
		"magic": 5
	},
	"enderstorage:ender_tank":
	{
		"building": 40
	},
	"ironchest:copper_chest":
	{
		"building": 10
	},
	"ironchest:copper_to_iron_chest_upgrade":
	{
		"building": 20
	},
	"ironchest:copper_to_silver_chest_upgrade":
	{
		"building": 20
	},
	"ironchest:crystal_chest":
	{
		"building": 50
	},
	"ironchest:diamond_chest":
	{
		"building": 40
	},
	"ironchest:diamond_to_crystal_chest_upgrade":
	{
		"building": 50
	},
	"ironchest:diamond_to_obsidian_chest_upgrade":
	{
		"building": 50
	},
	"ironchest:gold_chest":
	{
		"building": 30
	},
	"ironchest:gold_to_diamond_chest_upgrade":
	{
		"building": 40
	},
	"ironchest:iron_chest":
	{
		"building": 20
	},
	"ironchest:iron_to_gold_chest_upgrade":
	{
		"building": 30
	},
	"ironchest:obsidian_chest":
	{
		"building": 50
	},
	"ironchest:silver_chest":
	{
		"building": 20
	},
	"ironchest:silver_to_gold_chest_upgrade":
	{
		"building": 30
	},
	"ironchest:wood_to_copper_chest_upgrade":
	{
		"building": 10
	},
	"ironchest:wood_to_iron_chest_upgrade":
	{
		"building": 20
	},
	"lycanitesmobs:aberrationtreat":
	{
		"combat": 10,
		"crafting": 10,
		"taming": 10
	},
	"lycanitesmobs:acidsplashcharge":
	{
		"magic": 50,
		"taming": 30
	},
	"lycanitesmobs:aetherwavecharge":
	{
		"magic": 50,
		"taming": 30
	},
	"lycanitesmobs:aquatictreat":
	{
		"fishing": 10,
		"taming": 10,
		"crafting": 10
	},
	"lycanitesmobs:arcanelaserstormcharge":
	{
		"combat": 50,
		"taming": 30,
		"magic": 30
	},
	"lycanitesmobs:arthropodtreat":
	{
		"cooking": 10,
		"crafting": 10,
		"taming": 10
	},
	"lycanitesmobs:aviantreat":
	{
		"cooking": 10,
		"crafting": 10
	},
	"lycanitesmobs:beasttreat":
	{
		"taming": 30,
		"cooking": 50
	},
	"lycanitesmobs:bloodleechcharge":
	{
		"taming": 30,
		"magic": 50,
		"combat": 50
	},
	"lycanitesmobs:bloodsummoningstaff":
	{
		"magic": 50,
		"combat": 50
	},
	"lycanitesmobs:boulderblastcharge":
	{
		"mining": 50,
		"taming": 30
	},
	"lycanitesmobs:chaosorbcharge":
	{
		"magic": 50,
		"taming": 30
	},
	"lycanitesmobs:crystalshardcharge":
	{
		"taming": 30,
		"crafting": 50
	},
	"lycanitesmobs:demonicblastcharge":
	{
		"magic": 50,
		"taming": 30
	},
	"lycanitesmobs:demontreat":
	{
		"magic": 10,
		"farming": 10
	},
	"lycanitesmobs:devilstarcharge":
	{
		"magic": 50,
		"taming": 30
	},
	"lycanitesmobs:dragontreat":
	{
		"combat": 50,
		"crafting": 50,
		"taming": 30
	},
	"lycanitesmobs:embercharge":
	{
		"magic": 50,
		"taming": 30
	},
	"lycanitesmobs:equipment_infuser":
	{
		"combat": 30,
		"magic": 30,
		"crafting": 30
	},
	"lycanitesmobs:equipmentforge_greater":
	{
		"combat": 70,
		"crafting": 70
	},
	"lycanitesmobs:equipmentforge_lesser":
	{
		"combat": 30,
		"crafting": 30
	},
	"lycanitesmobs:equipmentforge_master":
	{
		"combat": 60,
		"smithing": 60
	},
	"lycanitesmobs:frostboltcharge":
	{
		"taming": 30,
		"magic": 20
	},
	"lycanitesmobs:hellfireballcharge":
	{
		"taming": 30,
		"magic": 50
	},
	"lycanitesmobs:imptreat":
	{
		"cooking": 10,
		"taming": 10
	},
	"lycanitesmobs:lifedraincharge":
	{
		"magic": 50,
		"taming": 30
	},
	"lycanitesmobs:lightballcharge":
	{
		"combat": 50,
		"taming": 30
	},
	"lycanitesmobs:lobdarklingscharge":
	{
		"magic": 50,
		"taming": 30
	},
	"lycanitesmobs:planttreat":
	{
		"farming": 50,
		"magic": 50,
		"taming": 30
	},
	"lycanitesmobs:savagesummoningstaff":
	{
		"magic": 50,
		"taming": 30,
		"combat": 50
	},
	"lycanitesmobs:soulgazer":
	{
		"crafting": 50,
		"combat": 50
	},
	"lycanitesmobs:soulkey":
	{
		"crafting": 60,
		"combat": 60
	},
	"lycanitesmobs:soulkeydiamond":
	{
		"crafting": 50,
		"combat": 50
	},
	"lycanitesmobs:soulkeyemerald":
	{
		"crafting": 60,
		"combat": 60
	},
	"lycanitesmobs:soulstone":
	{
		"taming": 30,
		"crafting": 50,
		"magic": 30
	},
	"lycanitesmobs:spectralboltcharge":
	{
		"taming": 30,
		"magic": 50
	},
	"lycanitesmobs:stablesummoningstaff":
	{
		"taming": 30,
		"crafting": 50
	},
	"lycanitesmobs:sturdysummoningstaff":
	{
		"smithing": 50,
		"taming": 30,
		"magic": 30
	},
	"lycanitesmobs:summoningstaff":
	{
		"magic": 10
	},
	"lycanitesmobs:throwingscythecharge":
	{
		"crafting": 50,
		"taming": 30
	},
	"lycanitesmobs:tundracharge":
	{
		"taming": 30,
		"magic": 20
	},
	"lycanitesmobs:undeadtreat":
	{
		"combat": 10,
		"crafting": 10,
		"taming": 10
	},
	"lycanitesmobs:venomshotcharge":
	{
		"magic": 50,
		"taming": 30
	},
	"lycanitesmobs:whirlwindcharge":
	{
		"magic": 50,
		"taming": 30
	},
	"lycanitesmobs:wormtreat":
	{
		"farming": 50,
		"taming": 30,
		"cooking": 35
	},
	"minecolonies:blockhuttownhall":
	{
		"mining": 15,
		"woodcutting": 15,
		"excavation": 15,
		"building": 15,
		"farming": 15,
		"fishing": 15,
		"combat": 15,
		"smithing": 15,
		"crafting": 15,
		"cooking": 15
	},
	"minecraft:blast_furnace":
	{
		"smithing": 10
	},
	"minecraft:enchanting_table":
	{
		"mining": 25
	},
	"minecraft:firework_rocket":
	{
		"flying": 5
	},
	"minecraft:smoker":
	{
		"cooking": 10
	},
	"minecraft:stonecutter":
	{
		"building": 10
	},
	"storagedrawers:compacting_drawers_3":
	{
		"crafting": 30
	},
	"storagedrawers:controller":
	{
		"crafting": 40
	},
	"storagedrawers:controller_slave":
	{
		"crafting": 50
	}
}