{
	"minecraft:spawner":
	{
		"combat": 5
	},
	"oresandmetals:adamantite_ore":
	{
		"mining": 35
	},
	"oresandmetals:banite_ore":
	{
		"mining": 80
	},
	"oresandmetals:dark_animica_ore":
	{
		"mining": 90
	},
	"oresandmetals:drakolith_ore":
	{
		"mining": 60
	},
	"oresandmetals:light_animica_ore":
	{
		"mining": 90
	},
	"oresandmetals:mithril_ore":
	{
		"mining": 25
	},
	"oresandmetals:necrite_ore":
	{
		"mining": 70
	},
	"oresandmetals:orichalcite_ore":
	{
		"mining": 60
	},
	"oresandmetals:phasmatite_ore":
	{
		"mining": 70
	},
	"oresandmetals:runite_ore":
	{
		"mining": 50
	}
}