{
	"appliedenergistics2:certus_quartz_axe":
	{
		"combat": 35
	},
	"appliedenergistics2:certus_quartz_pickaxe":
	{
		"combat": 30
	},
	"appliedenergistics2:certus_quartz_shovel":
	{
		"combat": 30
	},
	"appliedenergistics2:certus_quartz_sword":
	{
		"combat": 30
	},
	"appliedenergistics2:nether_quartz_axe":
	{
		"combat": 23
	},
	"appliedenergistics2:nether_quartz_pickaxe":
	{
		"combat": 17
	},
	"appliedenergistics2:nether_quartz_shovel":
	{
		"combat": 17
	},
	"appliedenergistics2:nether_quartz_sword":
	{
		"combat": 17
	},
	"aquaculture:neptunium_axe":
	{
		"combat": 75
	},
	"aquaculture:neptunium_fillet_knife":
	{
		"combat": 5
	},
	"aquaculture:neptunium_sword":
	{
		"combat": 70
	},
	"ars_nouveau:spell_bow":
	{
		"archery": 30,
		"agility": 30,
		"magic": 30
	},
	"botania:crystal_bow":
	{
		"archery": 15,
		"magic": 5
	},
	"botania:livingwood_bow":
	{
		"archery": 10,
		"magic": 1
	},
	"botaniaadditions:terra_bow":
	{
		"archery": 15,
		"magic": 5
	},
	"colorfultools:blackwooden_sword":
	{
		"combat": 5
	},
	"colorfultools:bluewooden_sword":
	{
		"combat": 5
	},
	"colorfultools:brownwooden_sword":
	{
		"combat": 5
	},
	"colorfultools:cyanwooden_sword":
	{
		"combat": 5
	},
	"colorfultools:graywooden_sword":
	{
		"combat": 5
	},
	"colorfultools:greenwooden_sword":
	{
		"combat": 5
	},
	"colorfultools:lightbluewooden_sword":
	{
		"combat": 5
	},
	"colorfultools:lightgraywooden_sword":
	{
		"combat": 5
	},
	"colorfultools:limewooden_sword":
	{
		"combat": 5
	},
	"colorfultools:magentawooden_sword":
	{
		"combat": 5
	},
	"colorfultools:orangewooden_sword":
	{
		"combat": 5
	},
	"colorfultools:pinkwooden_sword":
	{
		"combat": 5
	},
	"colorfultools:purplewooden_sword":
	{
		"combat": 5
	},
	"colorfultools:redwooden_sword":
	{
		"combat": 5
	},
	"colorfultools:whitewooden_sword":
	{
		"combat": 5
	},
	"colorfultools:wooden_sword":
	{
		"combat": 5
	},
	"colorfultools:yellowwooden_sword":
	{
		"combat": 5
	},
	"combustivefishing:searing_sword":
	{
		"combat": 60
	},
	"create:deforester":
	{
		"combat": 75
	},
	"doomweapon:argent_sword":
	{
		"combat": 90,
		"endurance": 90,
		"agility": 90
	},
	"doomweapon:axe_marauder_closed":
	{
		"combat": 80,
		"endurance": 80,
		"agility": 90
	},
	"doomweapon:axe_marauder_open":
	{
		"combat": 80,
		"endurance": 80,
		"agility": 90
	},
	"doomweapon:ballista":
	{
		"combat": 80,
		"archery": 80,
		"endurance": 80
	},
	"doomweapon:bfg9000":
	{
		"combat": 120,
		"archery": 99,
		"endurance": 99
	},
	"doomweapon:chaingun":
	{
		"combat": 80,
		"archery": 80,
		"endurance": 80
	},
	"doomweapon:chainsaw":
	{
		"combat": 90,
		"endurance": 90,
		"agility": 90
	},
	"doomweapon:cruciblesword":
	{
		"combat": 80,
		"endurance": 80,
		"agility": 90
	},
	"doomweapon:cruciblesword_closed":
	{
		"combat": 80,
		"endurance": 80,
		"agility": 90
	},
	"doomweapon:pistol":
	{
		"combat": 90,
		"archery": 90,
		"endurance": 90
	},
	"doomweapon:plasmagun":
	{
		"combat": 90,
		"archery": 90,
		"endurance": 80
	},
	"doomweapon:rocketlauncher":
	{
		"combat": 80,
		"archery": 80,
		"endurance": 80
	},
	"doomweapon:shotgun":
	{
		"combat": 90,
		"archery": 90
	},
	"doomweapon:supershotgun":
	{
		"combat": 80,
		"archery": 80
	},
	"dungeons_gear:ancient_bow":
	{
		"archery": 25
	},
	"dungeons_gear:auto_crossbow":
	{
		"archery": 25
	},
	"dungeons_gear:azure_seeker":
	{
		"archery": 25
	},
	"dungeons_gear:baby_crossbow":
	{
		"archery": 25
	},
	"dungeons_gear:battlestaff":
	{
		"combat": 10
	},
	"dungeons_gear:battlestaff_of_terror":
	{
		"combat": 35
	},
	"dungeons_gear:betterfly_crossbow":
	{
		"archery": 25
	},
	"dungeons_gear:bonebow":
	{
		"archery": 25
	},
	"dungeons_gear:bow_of_lost_souls":
	{
		"archery": 25
	},
	"dungeons_gear:broadsword":
	{
		"combat": 20
	},
	"dungeons_gear:burst_crossbow":
	{
		"archery": 30
	},
	"dungeons_gear:butterfly_crossbow":
	{
		"archery": 25
	},
	"dungeons_gear:claymore":
	{
		"combat": 20
	},
	"dungeons_gear:corrupted_crossbow":
	{
		"archery": 30
	},
	"dungeons_gear:cursed_axe":
	{
		"combat": 35
	},
	"dungeons_gear:cutless":
	{
		"combat": 10
	},
	"dungeons_gear:dagger":
	{
		"combat": 5
	},
	"dungeons_gear:dancers_sword":
	{
		"combat": 35
	},
	"dungeons_gear:dark_katana":
	{
		"combat": 35
	},
	"dungeons_gear:doom_crossbow":
	{
		"archery": 25
	},
	"dungeons_gear:double_axe":
	{
		"combat": 35
	},
	"dungeons_gear:dual_crossbow":
	{
		"archery": 15
	},
	"dungeons_gear:elite_power_bow":
	{
		"archery": 25
	},
	"dungeons_gear:eternal_knife":
	{
		"combat": 35
	},
	"dungeons_gear:exploding_crossbow":
	{
		"archery": 25
	},
	"dungeons_gear:fang_of_frost":
	{
		"combat": 20
	},
	"dungeons_gear:feral_soul_crossbow":
	{
		"archery": 25
	},
	"dungeons_gear:fighters_binding":
	{
		"combat": 15
	},
	"dungeons_gear:firebolt_thrower":
	{
		"archery": 35
	},
	"dungeons_gear:firebrand":
	{
		"combat": 35
	},
	"dungeons_gear:flail":
	{
		"combat": 35
	},
	"dungeons_gear:fortune_spear":
	{
		"combat": 25
	},
	"dungeons_gear:frost_scythe":
	{
		"combat": 35
	},
	"dungeons_gear:gauntlet":
	{
		"combat": 10
	},
	"dungeons_gear:glaive":
	{
		"combat": 15
	},
	"dungeons_gear:glaive_bane":
	{
		"combat": 35
	},
	"dungeons_gear:great_hammer":
	{
		"combat": 15
	},
	"dungeons_gear:growing_staff":
	{
		"combat": 35
	},
	"dungeons_gear:guardian_bow":
	{
		"archery": 25
	},
	"dungeons_gear:hammer_of_gravity":
	{
		"combat": 35
	},
	"dungeons_gear:harp_crossbow":
	{
		"archery": 25
	},
	"dungeons_gear:haunted_bow":
	{
		"archery": 25
	},
	"dungeons_gear:hawkbrand":
	{
		"combat": 25
	},
	"dungeons_gear:heartstealer":
	{
		"combat": 35
	},
	"dungeons_gear:heavy_crossbow":
	{
		"archery": 15
	},
	"dungeons_gear:highland_axe":
	{
		"combat": 35
	},
	"dungeons_gear:hunter_bow":
	{
		"archery": 10
	},
	"dungeons_gear:hunters_promise":
	{
		"archery": 25
	},
	"dungeons_gear:hunting_bow":
	{
		"archery": 10
	},
	"dungeons_gear:imploding_crossbow":
	{
		"archery": 30
	},
	"dungeons_gear:jailors_scythe":
	{
		"combat": 35
	},
	"dungeons_gear:katana":
	{
		"combat": 15
	},
	"dungeons_gear:lightning_harp_crossbow":
	{
		"archery": 35
	},
	"dungeons_gear:longbow":
	{
		"archery": 10
	},
	"dungeons_gear:love_spell_bow":
	{
		"archery": 15,
		"magic": 5
	},
	"dungeons_gear:mace":
	{
		"combat": 15
	},
	"dungeons_gear:master_bow":
	{
		"archery": 25
	},
	"dungeons_gear:masters_bow":
	{
		"archery": 25
	},
	"dungeons_gear:masters_katana":
	{
		"combat": 35
	},
	"dungeons_gear:mauler":
	{
		"combat": 25
	},
	"dungeons_gear:mechanical_shortbow":
	{
		"archery": 25
	},
	"dungeons_gear:moon_dagger":
	{
		"combat": 25
	},
	"dungeons_gear:nameless_blade":
	{
		"combat": 35
	},
	"dungeons_gear:nightmares_bite":
	{
		"combat": 25
	},
	"dungeons_gear:nocturnal_bow":
	{
		"archery": 25
	},
	"dungeons_gear:power_bow":
	{
		"archery": 15
	},
	"dungeons_gear:purple_storm":
	{
		"archery": 25
	},
	"dungeons_gear:rapid_crossbow":
	{
		"archery": 15
	},
	"dungeons_gear:red_snake":
	{
		"archery": 25
	},
	"dungeons_gear:sabrewing":
	{
		"archery": 25
	},
	"dungeons_gear:scatter_crossbow":
	{
		"archery": 25
	},
	"dungeons_gear:shortbow":
	{
		"archery": 10
	},
	"dungeons_gear:sickle":
	{
		"combat": 10
	},
	"dungeons_gear:slayer_crossbow":
	{
		"archery": 25
	},
	"dungeons_gear:snow_bow":
	{
		"archery": 25
	},
	"dungeons_gear:soul_bow":
	{
		"archery": 10
	},
	"dungeons_gear:soul_crossbow":
	{
		"archery": 25
	},
	"dungeons_gear:soul_fist":
	{
		"combat": 25
	},
	"dungeons_gear:soul_hunter_crossbow":
	{
		"archery": 30
	},
	"dungeons_gear:soul_knife":
	{
		"combat": 35
	},
	"dungeons_gear:soul_scythe":
	{
		"combat": 35
	},
	"dungeons_gear:spear":
	{
		"combat": 15
	},
	"dungeons_gear:stormlander":
	{
		"combat": 50
	},
	"dungeons_gear:suns_grace":
	{
		"combat": 50
	},
	"dungeons_gear:the_green_menace":
	{
		"archery": 25
	},
	"dungeons_gear:the_last_laugh":
	{
		"combat": 25
	},
	"dungeons_gear:the_pink_scoundrel":
	{
		"archery": 25
	},
	"dungeons_gear:the_slicer":
	{
		"archery": 25
	},
	"dungeons_gear:trickbow":
	{
		"archery": 15
	},
	"dungeons_gear:truthseeker":
	{
		"combat": 35
	},
	"dungeons_gear:twin_bow":
	{
		"archery": 25
	},
	"dungeons_gear:venom_glaive":
	{
		"combat": 35
	},
	"dungeons_gear:vine_whip":
	{
		"combat": 35
	},
	"dungeons_gear:voidcaller":
	{
		"archery": 25
	},
	"dungeons_gear:whip":
	{
		"combat": 15
	},
	"dungeons_gear:whirlwind":
	{
		"combat": 55
	},
	"dungeons_gear:winters_touch":
	{
		"archery": 25
	},
	"endreborn:end_stone_axe":
	{
		"combat": 20
	},
	"endreborn:end_stone_pickaxe":
	{
		"combat": 20
	},
	"endreborn:end_stone_shovel":
	{
		"combat": 20
	},
	"endreborn:end_stone_sword":
	{
		"combat": 20
	},
	"endreborn:endorium_axe":
	{
		"combat": 60
	},
	"endreborn:endorium_pickaxe":
	{
		"combat": 60
	},
	"endreborn:endorium_shovel":
	{
		"combat": 60
	},
	"endreborn:endorium_sword":
	{
		"combat": 60
	},
	"endreborn:wolframium_axe":
	{
		"combat": 45
	},
	"endreborn:wolframium_pickaxe":
	{
		"combat": 35
	},
	"endreborn:wolframium_shovel":
	{
		"combat": 35
	},
	"endreborn:wolframium_sword":
	{
		"combat": 35
	},
	"expanded_combat:diamond_bow":
	{
		"archery": 10
	},
	"expanded_combat:diamond_bow_half":
	{
		"archery": 10
	},
	"expanded_combat:gold_bow":
	{
		"archery": 20
	},
	"expanded_combat:gold_bow_half":
	{
		"archery": 20
	},
	"expanded_combat:iron_bow":
	{
		"archery": 5
	},
	"expanded_combat:iron_bow_half":
	{
		"archery": 1
	},
	"expanded_combat:netherite_bow":
	{
		"archery": 15
	},
	"extendednether:netherite_axe":
	{
		"combat": 65
	},
	"extendednether:netherite_pickaxe":
	{
		"combat": 60
	},
	"extendednether:netherite_shovel":
	{
		"combat": 60
	},
	"extendednether:netherite_sword":
	{
		"combat": 60
	},
	"extrabows:diamond_bow":
	{
		"archery": 15
	},
	"extrabows:electric_bow":
	{
		"archery": 15
	},
	"extrabows:emerald_bow":
	{
		"archery": 15
	},
	"extrabows:golden_bow":
	{
		"archery": 10
	},
	"extrabows:iron_bow":
	{
		"archery": 10
	},
	"extrabows:stone_bow":
	{
		"archery": 5
	},
	"funmod:bow_of_unendingfire":
	{
		"archery": 120
	},
	"funmod:divine_bow":
	{
		"archery": 125
	},
	"funmod:dragon_bow":
	{
		"archery": 150
	},
	"funmod:predator":
	{
		"archery": 125
	},
	"gemsnjewels:fast_bow":
	{
		"archery": 5
	},
	"harcorebattletowers:double_headed_evil_axe":
	{
		"combat": 85
	},
	"harcorebattletowers:evil_dagger":
	{
		"combat": 80
	},
	"iceandfire:copper_axe":
	{
		"combat": 15
	},
	"iceandfire:copper_pickaxe":
	{
		"combat": 15
	},
	"iceandfire:copper_shovel":
	{
		"combat": 15
	},
	"iceandfire:copper_sword":
	{
		"combat": 15
	},
	"iceandfire:dragonbone_axe":
	{
		"combat": 35
	},
	"iceandfire:dragonbone_bow":
	{
		"archery": 5
	},
	"iceandfire:dragonbone_pickaxe":
	{
		"combat": 35
	},
	"iceandfire:dragonbone_shovel":
	{
		"combat": 35
	},
	"iceandfire:dragonbone_sword":
	{
		"combat": 35
	},
	"iceandfire:dragonbone_sword_fire":
	{
		"combat": 50
	},
	"iceandfire:dragonbone_sword_ice":
	{
		"combat": 50
	},
	"iceandfire:dragonbone_sword_lightning":
	{
		"combat": 50
	},
	"iceandfire:dragonsteel_fire_axe":
	{
		"combat": 60
	},
	"iceandfire:dragonsteel_fire_sword":
	{
		"combat": 60
	},
	"iceandfire:dragonsteel_ice_axe":
	{
		"combat": 60
	},
	"iceandfire:dragonsteel_ice_sword":
	{
		"combat": 60
	},
	"iceandfire:dragonsteel_lightning_axe":
	{
		"combat": 60
	},
	"iceandfire:dragonsteel_lightning_sword":
	{
		"combat": 60
	},
	"iceandfire:dread_knight_sword":
	{
		"combat": 50
	},
	"iceandfire:dread_queen_sword":
	{
		"combat": 50
	},
	"iceandfire:dread_sword":
	{
		"combat": 20
	},
	"iceandfire:hippogryph_sword":
	{
		"combat": 25
	},
	"iceandfire:myrmex_desert_sword":
	{
		"combat": 20
	},
	"iceandfire:myrmex_desert_sword_venom":
	{
		"combat": 20
	},
	"iceandfire:myrmex_jungle_sword":
	{
		"combat": 20
	},
	"iceandfire:myrmex_jungle_sword_venom":
	{
		"combat": 20
	},
	"iceandfire:silver_axe":
	{
		"combat": 25
	},
	"iceandfire:silver_pickaxe":
	{
		"combat": 20
	},
	"iceandfire:silver_shovel":
	{
		"combat": 20
	},
	"iceandfire:silver_sword":
	{
		"combat": 20
	},
	"iceandfire:tide_trident":
	{
		"combat": 50
	},
	"iceandfire:troll_weapon_axe":
	{
		"combat": 30
	},
	"iceandfire:troll_weapon_column":
	{
		"combat": 30
	},
	"iceandfire:troll_weapon_column_forest":
	{
		"combat": 30
	},
	"iceandfire:troll_weapon_column_frost":
	{
		"combat": 30
	},
	"iceandfire:troll_weapon_hammer":
	{
		"combat": 30
	},
	"iceandfire:troll_weapon_trunk":
	{
		"combat": 30
	},
	"iceandfire:troll_weapon_trunk_frost":
	{
		"combat": 30
	},
	"ilikewood:acacia_bow":
	{
		"archery": 1,
		"agility": 20
	},
	"ilikewood:acacia_crossbow":
	{
		"archery": 10
	},
	"ilikewood:acacia_sword":
	{
		"combat": 5
	},
	"ilikewood:birch_bow":
	{
		"archery": 1,
		"agility": 20
	},
	"ilikewood:birch_crossbow":
	{
		"archery": 10
	},
	"ilikewood:birch_sword":
	{
		"combat": 5
	},
	"ilikewood:cherry_bow":
	{
		"archery": 1,
		"agility": 20
	},
	"ilikewood:cherry_crossbow":
	{
		"archery": 10
	},
	"ilikewood:cherry_sword":
	{
		"combat": 5
	},
	"ilikewood:crimson_bow":
	{
		"archery": 5,
		"agility": 20
	},
	"ilikewood:crimson_crossbow":
	{
		"archery": 20
	},
	"ilikewood:dark_oak_bow":
	{
		"archery": 1,
		"agility": 20
	},
	"ilikewood:dark_oak_crossbow":
	{
		"archery": 10
	},
	"ilikewood:dark_oak_sword":
	{
		"combat": 5
	},
	"ilikewood:dead_bow":
	{
		"archery": 1,
		"agility": 20
	},
	"ilikewood:dead_crossbow":
	{
		"archery": 10
	},
	"ilikewood:fir_bow":
	{
		"archery": 1,
		"agility": 20
	},
	"ilikewood:fir_crossbow":
	{
		"archery": 10
	},
	"ilikewood:hellbark_bow":
	{
		"archery": 1,
		"agility": 20
	},
	"ilikewood:hellbark_crossbow":
	{
		"archery": 10
	},
	"ilikewood:jacaranda_bow":
	{
		"archery": 1,
		"agility": 20
	},
	"ilikewood:jacaranda_crossbow":
	{
		"archery": 10
	},
	"ilikewood:jungle_bow":
	{
		"archery": 1,
		"agility": 20
	},
	"ilikewood:jungle_crossbow":
	{
		"archery": 10
	},
	"ilikewood:jungle_sword":
	{
		"combat": 5
	},
	"ilikewood:magic_bow":
	{
		"archery": 1,
		"agility": 20
	},
	"ilikewood:magic_crossbow":
	{
		"archery": 10
	},
	"ilikewood:mahogany_bow":
	{
		"archery": 1,
		"agility": 20
	},
	"ilikewood:mahogany_crossbow":
	{
		"archery": 10
	},
	"ilikewood:oak_bow":
	{
		"archery": 1,
		"agility": 20
	},
	"ilikewood:oak_crossbow":
	{
		"archery": 10
	},
	"ilikewood:oak_sword":
	{
		"combat": 5
	},
	"ilikewood:palm_bow":
	{
		"archery": 1,
		"agility": 20
	},
	"ilikewood:palm_crossbow":
	{
		"archery": 10
	},
	"ilikewood:redwood_bow":
	{
		"archery": 1,
		"agility": 20
	},
	"ilikewood:redwood_crossbow":
	{
		"archery": 10
	},
	"ilikewood:spruce_bow":
	{
		"archery": 1,
		"agility": 20
	},
	"ilikewood:spruce_crossbow":
	{
		"archery": 10
	},
	"ilikewood:spruce_sword":
	{
		"combat": 5
	},
	"ilikewood:stone_acacia_sword":
	{
		"combat": 10
	},
	"ilikewood:stone_birch_sword":
	{
		"combat": 10
	},
	"ilikewood:stone_cherry_sword":
	{
		"combat": 10
	},
	"ilikewood:stone_dark_oak_sword":
	{
		"combat": 10
	},
	"ilikewood:stone_jungle_sword":
	{
		"combat": 10
	},
	"ilikewood:stone_oak_sword":
	{
		"combat": 10
	},
	"ilikewood:stone_spruce_sword":
	{
		"combat": 10
	},
	"ilikewood:umbran_bow":
	{
		"archery": 1,
		"agility": 20
	},
	"ilikewood:umbran_crossbow":
	{
		"archery": 10
	},
	"ilikewood:warped_bow":
	{
		"archery": 5,
		"agility": 20
	},
	"ilikewood:warped_crossbow":
	{
		"archery": 20
	},
	"ilikewood:willow_bow":
	{
		"archery": 1,
		"agility": 20
	},
	"ilikewood:willow_crossbow":
	{
		"archery": 10
	},
	"minecolonies:chiefsword":
	{
		"combat": 35
	},
	"minecolonies:iron_scimitar":
	{
		"combat": 15
	},
	"minecolonies:pharaoscepter":
	{
		"archery": 75
	},
	"minecraft:bow":
	{
		"archery": 1,
		"agility": 20
	},
	"minecraft:crossbow":
	{
		"archery": 10
	},
	"minecraft:diamond_axe":
	{
		"combat": 45
	},
	"minecraft:diamond_pickaxe":
	{
		"combat": 40
	},
	"minecraft:diamond_shovel":
	{
		"combat": 40
	},
	"minecraft:diamond_sword":
	{
		"combat": 40
	},
	"minecraft:golden_axe":
	{
		"combat": 35
	},
	"minecraft:golden_pickaxe":
	{
		"combat": 30
	},
	"minecraft:golden_shovel":
	{
		"combat": 30
	},
	"minecraft:golden_sword":
	{
		"combat": 30
	},
	"minecraft:iron_axe":
	{
		"combat": 25
	},
	"minecraft:iron_pickaxe":
	{
		"combat": 20
	},
	"minecraft:iron_shovel":
	{
		"combat": 20
	},
	"minecraft:iron_sword":
	{
		"combat": 20
	},
	"minecraft:netherite_axe":
	{
		"combat": 65
	},
	"minecraft:netherite_pickaxe":
	{
		"combat": 60
	},
	"minecraft:netherite_shovel":
	{
		"combat": 60
	},
	"minecraft:netherite_sword":
	{
		"combat": 60
	},
	"minecraft:stone_axe":
	{
		"combat": 15
	},
	"minecraft:stone_pickaxe":
	{
		"combat": 10
	},
	"minecraft:stone_shovel":
	{
		"combat": 10
	},
	"minecraft:stone_sword":
	{
		"combat": 10
	},
	"minecraft:wooden_axe":
	{
		"combat": 1
	},
	"minecraft:wooden_pickaxe":
	{
		"combat": 1
	},
	"minecraft:wooden_shovel":
	{
		"combat": 1
	},
	"minecraft:wooden_sword":
	{
		"combat": 1
	},
	"mvw:amethyst_bow":
	{
		"archery": 10
	},
	"mvw:amethyst_crossbow":
	{
		"archery": 15
	},
	"mvw:black_opal_bow":
	{
		"archery": 10
	},
	"mvw:black_opal_crossbow":
	{
		"archery": 15
	},
	"mvw:copper_bow":
	{
		"archery": 5
	},
	"mvw:copper_crossbow":
	{
		"archery": 13
	},
	"mvw:diamond_bow":
	{
		"archery": 10
	},
	"mvw:diamond_crossbow":
	{
		"archery": 15
	},
	"mvw:gold_bow":
	{
		"archery": 5
	},
	"mvw:gold_crossbow":
	{
		"archery": 12
	},
	"mvw:iron_bow":
	{
		"archery": 1
	},
	"mvw:iron_crossbow":
	{
		"archery": 11
	},
	"mvw:netherite_black_opal_bow":
	{
		"archery": 15
	},
	"mvw:netherite_black_opal_crossbow":
	{
		"archery": 15
	},
	"mvw:netherite_bow":
	{
		"archery": 15
	},
	"mvw:netherite_crossbow":
	{
		"archery": 15
	},
	"mvw:silver_bow":
	{
		"archery": 5
	},
	"mvw:silver_crossbow":
	{
		"archery": 13
	},
	"mvw:wooden_knife":
	{
		"combat": 1
	},
	"notreepunching:flint_knife":
	{
		"combat": 1
	},
	"oresandmetals:adamant_axe":
	{
		"combat": 35
	},
	"oresandmetals:adamant_pickaxe":
	{
		"combat": 35
	},
	"oresandmetals:adamant_shovel":
	{
		"combat": 35
	},
	"oresandmetals:adamant_sword":
	{
		"combat": 35
	},
	"oresandmetals:banite_axe":
	{
		"combat": 80
	},
	"oresandmetals:banite_pickaxe":
	{
		"combat": 80
	},
	"oresandmetals:banite_shovel":
	{
		"combat": 80
	},
	"oresandmetals:banite_sword":
	{
		"combat": 80
	},
	"oresandmetals:bronze_axe":
	{
		"combat": 5
	},
	"oresandmetals:bronze_pickaxe":
	{
		"combat": 5
	},
	"oresandmetals:bronze_shovel":
	{
		"combat": 5
	},
	"oresandmetals:bronze_sword":
	{
		"combat": 5
	},
	"oresandmetals:elder_rune_axe":
	{
		"combat": 90
	},
	"oresandmetals:elder_rune_pickaxe":
	{
		"combat": 90
	},
	"oresandmetals:elder_rune_shovel":
	{
		"combat": 90
	},
	"oresandmetals:elder_rune_sword":
	{
		"combat": 90
	},
	"oresandmetals:mithril_axe":
	{
		"combat": 25
	},
	"oresandmetals:mithril_pickaxe":
	{
		"combat": 25
	},
	"oresandmetals:mithril_shovel":
	{
		"combat": 25
	},
	"oresandmetals:mithril_sword":
	{
		"combat": 25
	},
	"oresandmetals:necronium_axe":
	{
		"combat": 70
	},
	"oresandmetals:necronium_pickaxe":
	{
		"combat": 70
	},
	"oresandmetals:necronium_shovel":
	{
		"combat": 70
	},
	"oresandmetals:necronium_sword":
	{
		"combat": 70
	},
	"oresandmetals:orikalkum_axe":
	{
		"combat": 60
	},
	"oresandmetals:orikalkum_pickaxe":
	{
		"combat": 60
	},
	"oresandmetals:orikalkum_shovel":
	{
		"combat": 60
	},
	"oresandmetals:orikalkum_sword":
	{
		"combat": 60
	},
	"oresandmetals:rune_axe":
	{
		"combat": 50
	},
	"oresandmetals:rune_pickaxe":
	{
		"combat": 50
	},
	"oresandmetals:rune_shovel":
	{
		"combat": 50
	},
	"oresandmetals:rune_sword":
	{
		"combat": 50
	},
	"oresandmetals:steel_axe":
	{
		"combat": 15
	},
	"oresandmetals:steel_pickaxe":
	{
		"combat": 15
	},
	"oresandmetals:steel_shovel":
	{
		"combat": 15
	},
	"oresandmetals:steel_sword":
	{
		"combat": 15
	},
	"silentgear:bow":
	{
		"archery": 5
	},
	"silentgear:crossbow":
	{
		"archery": 15
	},
	"spartanweaponry:battleaxe_bronze":
	{
		"combat": 20
	},
	"spartanweaponry:battleaxe_copper":
	{
		"combat": 15
	},
	"spartanweaponry:battleaxe_diamond":
	{
		"combat": 45
	},
	"spartanweaponry:battleaxe_electrum":
	{
		"combat": 20
	},
	"spartanweaponry:battleaxe_gold":
	{
		"combat": 35
	},
	"spartanweaponry:battleaxe_invar":
	{
		"combat": 22
	},
	"spartanweaponry:battleaxe_iron":
	{
		"combat": 25
	},
	"spartanweaponry:battleaxe_lead":
	{
		"combat": 20
	},
	"spartanweaponry:battleaxe_netherite":
	{
		"combat": 65
	},
	"spartanweaponry:battleaxe_nickel":
	{
		"combat": 20
	},
	"spartanweaponry:battleaxe_platinum":
	{
		"combat": 37
	},
	"spartanweaponry:battleaxe_silver":
	{
		"combat": 17
	},
	"spartanweaponry:battleaxe_steel":
	{
		"combat": 25
	},
	"spartanweaponry:battleaxe_stone":
	{
		"combat": 15
	},
	"spartanweaponry:battleaxe_tin":
	{
		"combat": 15
	},
	"spartanweaponry:battleaxe_wood":
	{
		"combat": 5
	},
	"spartanweaponry:boomerang_bronze":
	{
		"combat": 20
	},
	"spartanweaponry:boomerang_copper":
	{
		"combat": 15
	},
	"spartanweaponry:boomerang_diamond":
	{
		"combat": 45
	},
	"spartanweaponry:boomerang_electrum":
	{
		"combat": 20
	},
	"spartanweaponry:boomerang_gold":
	{
		"combat": 35
	},
	"spartanweaponry:boomerang_invar":
	{
		"combat": 22
	},
	"spartanweaponry:boomerang_iron":
	{
		"combat": 25
	},
	"spartanweaponry:boomerang_lead":
	{
		"combat": 20
	},
	"spartanweaponry:boomerang_netherite":
	{
		"combat": 65
	},
	"spartanweaponry:boomerang_nickel":
	{
		"combat": 20
	},
	"spartanweaponry:boomerang_platinum":
	{
		"combat": 37
	},
	"spartanweaponry:boomerang_silver":
	{
		"combat": 17
	},
	"spartanweaponry:boomerang_steel":
	{
		"combat": 25
	},
	"spartanweaponry:boomerang_stone":
	{
		"combat": 15
	},
	"spartanweaponry:boomerang_tin":
	{
		"combat": 15
	},
	"spartanweaponry:boomerang_wood":
	{
		"combat": 5
	},
	"spartanweaponry:cestus":
	{
		"combat": 1
	},
	"spartanweaponry:cestus_studded":
	{
		"combat": 3
	},
	"spartanweaponry:club_studded":
	{
		"combat": 3
	},
	"spartanweaponry:club_wood":
	{
		"combat": 1
	},
	"spartanweaponry:dagger_bronze":
	{
		"combat": 20
	},
	"spartanweaponry:dagger_copper":
	{
		"combat": 15
	},
	"spartanweaponry:dagger_diamond":
	{
		"combat": 45
	},
	"spartanweaponry:dagger_electrum":
	{
		"combat": 20
	},
	"spartanweaponry:dagger_gold":
	{
		"combat": 35
	},
	"spartanweaponry:dagger_invar":
	{
		"combat": 22
	},
	"spartanweaponry:dagger_iron":
	{
		"combat": 25
	},
	"spartanweaponry:dagger_lead":
	{
		"combat": 20
	},
	"spartanweaponry:dagger_netherite":
	{
		"combat": 65
	},
	"spartanweaponry:dagger_nickel":
	{
		"combat": 20
	},
	"spartanweaponry:dagger_platinum":
	{
		"combat": 37
	},
	"spartanweaponry:dagger_silver":
	{
		"combat": 17
	},
	"spartanweaponry:dagger_steel":
	{
		"combat": 25
	},
	"spartanweaponry:dagger_stone":
	{
		"combat": 15
	},
	"spartanweaponry:dagger_tin":
	{
		"combat": 15
	},
	"spartanweaponry:dagger_wood":
	{
		"combat": 5
	},
	"spartanweaponry:flanged_mace_bronze":
	{
		"combat": 20
	},
	"spartanweaponry:flanged_mace_copper":
	{
		"combat": 15
	},
	"spartanweaponry:flanged_mace_diamond":
	{
		"combat": 45
	},
	"spartanweaponry:flanged_mace_electrum":
	{
		"combat": 20
	},
	"spartanweaponry:flanged_mace_gold":
	{
		"combat": 35
	},
	"spartanweaponry:flanged_mace_invar":
	{
		"combat": 22
	},
	"spartanweaponry:flanged_mace_iron":
	{
		"combat": 25
	},
	"spartanweaponry:flanged_mace_lead":
	{
		"combat": 20
	},
	"spartanweaponry:flanged_mace_netherite":
	{
		"combat": 65
	},
	"spartanweaponry:flanged_mace_nickel":
	{
		"combat": 20
	},
	"spartanweaponry:flanged_mace_platinum":
	{
		"combat": 37
	},
	"spartanweaponry:flanged_mace_silver":
	{
		"combat": 17
	},
	"spartanweaponry:flanged_mace_steel":
	{
		"combat": 25
	},
	"spartanweaponry:flanged_mace_stone":
	{
		"combat": 15
	},
	"spartanweaponry:flanged_mace_tin":
	{
		"combat": 15
	},
	"spartanweaponry:flanged_mace_wood":
	{
		"combat": 5
	},
	"spartanweaponry:glaive_bronze":
	{
		"combat": 20
	},
	"spartanweaponry:glaive_copper":
	{
		"combat": 15
	},
	"spartanweaponry:glaive_diamond":
	{
		"combat": 45
	},
	"spartanweaponry:glaive_electrum":
	{
		"combat": 20
	},
	"spartanweaponry:glaive_gold":
	{
		"combat": 35
	},
	"spartanweaponry:glaive_invar":
	{
		"combat": 22
	},
	"spartanweaponry:glaive_iron":
	{
		"combat": 25
	},
	"spartanweaponry:glaive_lead":
	{
		"combat": 20
	},
	"spartanweaponry:glaive_netherite":
	{
		"combat": 65
	},
	"spartanweaponry:glaive_nickel":
	{
		"combat": 20
	},
	"spartanweaponry:glaive_platinum":
	{
		"combat": 37
	},
	"spartanweaponry:glaive_silver":
	{
		"combat": 17
	},
	"spartanweaponry:glaive_steel":
	{
		"combat": 25
	},
	"spartanweaponry:glaive_stone":
	{
		"combat": 15
	},
	"spartanweaponry:glaive_tin":
	{
		"combat": 15
	},
	"spartanweaponry:glaive_wood":
	{
		"combat": 5
	},
	"spartanweaponry:greatsword_bronze":
	{
		"combat": 20
	},
	"spartanweaponry:greatsword_copper":
	{
		"combat": 15
	},
	"spartanweaponry:greatsword_diamond":
	{
		"combat": 45
	},
	"spartanweaponry:greatsword_electrum":
	{
		"combat": 20
	},
	"spartanweaponry:greatsword_gold":
	{
		"combat": 35
	},
	"spartanweaponry:greatsword_invar":
	{
		"combat": 22
	},
	"spartanweaponry:greatsword_iron":
	{
		"combat": 25
	},
	"spartanweaponry:greatsword_lead":
	{
		"combat": 20
	},
	"spartanweaponry:greatsword_netherite":
	{
		"combat": 65
	},
	"spartanweaponry:greatsword_nickel":
	{
		"combat": 20
	},
	"spartanweaponry:greatsword_platinum":
	{
		"combat": 37
	},
	"spartanweaponry:greatsword_silver":
	{
		"combat": 17
	},
	"spartanweaponry:greatsword_steel":
	{
		"combat": 25
	},
	"spartanweaponry:greatsword_stone":
	{
		"combat": 15
	},
	"spartanweaponry:greatsword_tin":
	{
		"combat": 15
	},
	"spartanweaponry:greatsword_wood":
	{
		"combat": 5
	},
	"spartanweaponry:halberd_bronze":
	{
		"combat": 20
	},
	"spartanweaponry:halberd_copper":
	{
		"combat": 15
	},
	"spartanweaponry:halberd_diamond":
	{
		"combat": 45
	},
	"spartanweaponry:halberd_electrum":
	{
		"combat": 20
	},
	"spartanweaponry:halberd_gold":
	{
		"combat": 35
	},
	"spartanweaponry:halberd_invar":
	{
		"combat": 22
	},
	"spartanweaponry:halberd_iron":
	{
		"combat": 25
	},
	"spartanweaponry:halberd_lead":
	{
		"combat": 20
	},
	"spartanweaponry:halberd_netherite":
	{
		"combat": 65
	},
	"spartanweaponry:halberd_nickel":
	{
		"combat": 20
	},
	"spartanweaponry:halberd_platinum":
	{
		"combat": 37
	},
	"spartanweaponry:halberd_silver":
	{
		"combat": 17
	},
	"spartanweaponry:halberd_steel":
	{
		"combat": 25
	},
	"spartanweaponry:halberd_stone":
	{
		"combat": 15
	},
	"spartanweaponry:halberd_tin":
	{
		"combat": 15
	},
	"spartanweaponry:halberd_wood":
	{
		"combat": 5
	},
	"spartanweaponry:hammer_bronze":
	{
		"combat": 20
	},
	"spartanweaponry:hammer_copper":
	{
		"combat": 15
	},
	"spartanweaponry:hammer_diamond":
	{
		"combat": 45
	},
	"spartanweaponry:hammer_electrum":
	{
		"combat": 20
	},
	"spartanweaponry:hammer_gold":
	{
		"combat": 35
	},
	"spartanweaponry:hammer_invar":
	{
		"combat": 22
	},
	"spartanweaponry:hammer_iron":
	{
		"combat": 25
	},
	"spartanweaponry:hammer_lead":
	{
		"combat": 20
	},
	"spartanweaponry:hammer_netherite":
	{
		"combat": 65
	},
	"spartanweaponry:hammer_nickel":
	{
		"combat": 20
	},
	"spartanweaponry:hammer_platinum":
	{
		"combat": 37
	},
	"spartanweaponry:hammer_silver":
	{
		"combat": 17
	},
	"spartanweaponry:hammer_steel":
	{
		"combat": 25
	},
	"spartanweaponry:hammer_stone":
	{
		"combat": 15
	},
	"spartanweaponry:hammer_tin":
	{
		"combat": 15
	},
	"spartanweaponry:hammer_wood":
	{
		"combat": 5
	},
	"spartanweaponry:heavy_crossbow_bronze":
	{
		"archery": 13
	},
	"spartanweaponry:heavy_crossbow_copper":
	{
		"archery": 13
	},
	"spartanweaponry:heavy_crossbow_diamond":
	{
		"archery": 15
	},
	"spartanweaponry:heavy_crossbow_electrum":
	{
		"archery": 13
	},
	"spartanweaponry:heavy_crossbow_gold":
	{
		"archery": 13
	},
	"spartanweaponry:heavy_crossbow_invar":
	{
		"archery": 13
	},
	"spartanweaponry:heavy_crossbow_iron":
	{
		"archery": 13
	},
	"spartanweaponry:heavy_crossbow_lead":
	{
		"archery": 13
	},
	"spartanweaponry:heavy_crossbow_leather":
	{
		"archery": 10
	},
	"spartanweaponry:heavy_crossbow_netherite":
	{
		"archery": 20
	},
	"spartanweaponry:heavy_crossbow_nickel":
	{
		"archery": 13
	},
	"spartanweaponry:heavy_crossbow_platinum":
	{
		"archery": 13
	},
	"spartanweaponry:heavy_crossbow_silver":
	{
		"archery": 13
	},
	"spartanweaponry:heavy_crossbow_steel":
	{
		"archery": 13
	},
	"spartanweaponry:heavy_crossbow_tin":
	{
		"archery": 13
	},
	"spartanweaponry:heavy_crossbow_wood":
	{
		"archery": 10
	},
	"spartanweaponry:javelin_bronze":
	{
		"combat": 20
	},
	"spartanweaponry:javelin_copper":
	{
		"combat": 15
	},
	"spartanweaponry:javelin_diamond":
	{
		"combat": 45
	},
	"spartanweaponry:javelin_electrum":
	{
		"combat": 20
	},
	"spartanweaponry:javelin_gold":
	{
		"combat": 35
	},
	"spartanweaponry:javelin_invar":
	{
		"combat": 22
	},
	"spartanweaponry:javelin_iron":
	{
		"combat": 25
	},
	"spartanweaponry:javelin_lead":
	{
		"combat": 20
	},
	"spartanweaponry:javelin_netherite":
	{
		"combat": 65
	},
	"spartanweaponry:javelin_nickel":
	{
		"combat": 20
	},
	"spartanweaponry:javelin_platinum":
	{
		"combat": 37
	},
	"spartanweaponry:javelin_silver":
	{
		"combat": 17
	},
	"spartanweaponry:javelin_steel":
	{
		"combat": 25
	},
	"spartanweaponry:javelin_stone":
	{
		"combat": 15
	},
	"spartanweaponry:javelin_tin":
	{
		"combat": 15
	},
	"spartanweaponry:javelin_wood":
	{
		"combat": 5
	},
	"spartanweaponry:katana_bronze":
	{
		"combat": 20
	},
	"spartanweaponry:katana_copper":
	{
		"combat": 15
	},
	"spartanweaponry:katana_diamond":
	{
		"combat": 45
	},
	"spartanweaponry:katana_electrum":
	{
		"combat": 20
	},
	"spartanweaponry:katana_gold":
	{
		"combat": 35
	},
	"spartanweaponry:katana_invar":
	{
		"combat": 22
	},
	"spartanweaponry:katana_iron":
	{
		"combat": 25
	},
	"spartanweaponry:katana_lead":
	{
		"combat": 20
	},
	"spartanweaponry:katana_netherite":
	{
		"combat": 65
	},
	"spartanweaponry:katana_nickel":
	{
		"combat": 20
	},
	"spartanweaponry:katana_platinum":
	{
		"combat": 37
	},
	"spartanweaponry:katana_silver":
	{
		"combat": 17
	},
	"spartanweaponry:katana_steel":
	{
		"combat": 25
	},
	"spartanweaponry:katana_stone":
	{
		"combat": 15
	},
	"spartanweaponry:katana_tin":
	{
		"combat": 15
	},
	"spartanweaponry:katana_wood":
	{
		"combat": 5
	},
	"spartanweaponry:lance_bronze":
	{
		"combat": 20
	},
	"spartanweaponry:lance_copper":
	{
		"combat": 15
	},
	"spartanweaponry:lance_diamond":
	{
		"combat": 45
	},
	"spartanweaponry:lance_electrum":
	{
		"combat": 20
	},
	"spartanweaponry:lance_gold":
	{
		"combat": 35
	},
	"spartanweaponry:lance_invar":
	{
		"combat": 22
	},
	"spartanweaponry:lance_iron":
	{
		"combat": 25
	},
	"spartanweaponry:lance_lead":
	{
		"combat": 20
	},
	"spartanweaponry:lance_netherite":
	{
		"combat": 65
	},
	"spartanweaponry:lance_nickel":
	{
		"combat": 20
	},
	"spartanweaponry:lance_platinum":
	{
		"combat": 37
	},
	"spartanweaponry:lance_silver":
	{
		"combat": 17
	},
	"spartanweaponry:lance_steel":
	{
		"combat": 25
	},
	"spartanweaponry:lance_stone":
	{
		"combat": 15
	},
	"spartanweaponry:lance_tin":
	{
		"combat": 15
	},
	"spartanweaponry:lance_wood":
	{
		"combat": 5
	},
	"spartanweaponry:longbow_bronze":
	{
		"archery": 8
	},
	"spartanweaponry:longbow_copper":
	{
		"archery": 8
	},
	"spartanweaponry:longbow_diamond":
	{
		"archery": 10
	},
	"spartanweaponry:longbow_electrum":
	{
		"archery": 8
	},
	"spartanweaponry:longbow_gold":
	{
		"archery": 8
	},
	"spartanweaponry:longbow_invar":
	{
		"archery": 8
	},
	"spartanweaponry:longbow_iron":
	{
		"archery": 8
	},
	"spartanweaponry:longbow_lead":
	{
		"archery": 8
	},
	"spartanweaponry:longbow_leather":
	{
		"archery": 7
	},
	"spartanweaponry:longbow_netherite":
	{
		"archery": 15
	},
	"spartanweaponry:longbow_nickel":
	{
		"archery": 8
	},
	"spartanweaponry:longbow_platinum":
	{
		"archery": 8
	},
	"spartanweaponry:longbow_silver":
	{
		"archery": 8
	},
	"spartanweaponry:longbow_steel":
	{
		"archery": 8
	},
	"spartanweaponry:longbow_tin":
	{
		"archery": 8
	},
	"spartanweaponry:longbow_wood":
	{
		"archery": 5
	},
	"spartanweaponry:longsword_bronze":
	{
		"combat": 20
	},
	"spartanweaponry:longsword_copper":
	{
		"combat": 15
	},
	"spartanweaponry:longsword_diamond":
	{
		"combat": 45
	},
	"spartanweaponry:longsword_electrum":
	{
		"combat": 20
	},
	"spartanweaponry:longsword_gold":
	{
		"combat": 35
	},
	"spartanweaponry:longsword_invar":
	{
		"combat": 22
	},
	"spartanweaponry:longsword_iron":
	{
		"combat": 25
	},
	"spartanweaponry:longsword_lead":
	{
		"combat": 20
	},
	"spartanweaponry:longsword_netherite":
	{
		"combat": 65
	},
	"spartanweaponry:longsword_nickel":
	{
		"combat": 20
	},
	"spartanweaponry:longsword_platinum":
	{
		"combat": 37
	},
	"spartanweaponry:longsword_silver":
	{
		"combat": 17
	},
	"spartanweaponry:longsword_steel":
	{
		"combat": 25
	},
	"spartanweaponry:longsword_stone":
	{
		"combat": 15
	},
	"spartanweaponry:longsword_tin":
	{
		"combat": 15
	},
	"spartanweaponry:longsword_wood":
	{
		"combat": 5
	},
	"spartanweaponry:pike_bronze":
	{
		"combat": 20
	},
	"spartanweaponry:pike_copper":
	{
		"combat": 15
	},
	"spartanweaponry:pike_diamond":
	{
		"combat": 45
	},
	"spartanweaponry:pike_electrum":
	{
		"combat": 20
	},
	"spartanweaponry:pike_gold":
	{
		"combat": 35
	},
	"spartanweaponry:pike_invar":
	{
		"combat": 22
	},
	"spartanweaponry:pike_iron":
	{
		"combat": 25
	},
	"spartanweaponry:pike_lead":
	{
		"combat": 20
	},
	"spartanweaponry:pike_netherite":
	{
		"combat": 65
	},
	"spartanweaponry:pike_nickel":
	{
		"combat": 20
	},
	"spartanweaponry:pike_platinum":
	{
		"combat": 37
	},
	"spartanweaponry:pike_silver":
	{
		"combat": 17
	},
	"spartanweaponry:pike_steel":
	{
		"combat": 25
	},
	"spartanweaponry:pike_stone":
	{
		"combat": 15
	},
	"spartanweaponry:pike_tin":
	{
		"combat": 15
	},
	"spartanweaponry:pike_wood":
	{
		"combat": 5
	},
	"spartanweaponry:quarterstaff_bronze":
	{
		"combat": 20
	},
	"spartanweaponry:quarterstaff_copper":
	{
		"combat": 15
	},
	"spartanweaponry:quarterstaff_diamond":
	{
		"combat": 45
	},
	"spartanweaponry:quarterstaff_electrum":
	{
		"combat": 20
	},
	"spartanweaponry:quarterstaff_gold":
	{
		"combat": 35
	},
	"spartanweaponry:quarterstaff_invar":
	{
		"combat": 22
	},
	"spartanweaponry:quarterstaff_iron":
	{
		"combat": 25
	},
	"spartanweaponry:quarterstaff_lead":
	{
		"combat": 20
	},
	"spartanweaponry:quarterstaff_netherite":
	{
		"combat": 65
	},
	"spartanweaponry:quarterstaff_nickel":
	{
		"combat": 20
	},
	"spartanweaponry:quarterstaff_platinum":
	{
		"combat": 37
	},
	"spartanweaponry:quarterstaff_silver":
	{
		"combat": 17
	},
	"spartanweaponry:quarterstaff_steel":
	{
		"combat": 25
	},
	"spartanweaponry:quarterstaff_stone":
	{
		"combat": 15
	},
	"spartanweaponry:quarterstaff_tin":
	{
		"combat": 15
	},
	"spartanweaponry:quarterstaff_wood":
	{
		"combat": 5
	},
	"spartanweaponry:rapier_bronze":
	{
		"combat": 20
	},
	"spartanweaponry:rapier_copper":
	{
		"combat": 15
	},
	"spartanweaponry:rapier_diamond":
	{
		"combat": 45
	},
	"spartanweaponry:rapier_electrum":
	{
		"combat": 20
	},
	"spartanweaponry:rapier_gold":
	{
		"combat": 35
	},
	"spartanweaponry:rapier_invar":
	{
		"combat": 22
	},
	"spartanweaponry:rapier_iron":
	{
		"combat": 25
	},
	"spartanweaponry:rapier_lead":
	{
		"combat": 20
	},
	"spartanweaponry:rapier_netherite":
	{
		"combat": 65
	},
	"spartanweaponry:rapier_nickel":
	{
		"combat": 20
	},
	"spartanweaponry:rapier_platinum":
	{
		"combat": 37
	},
	"spartanweaponry:rapier_silver":
	{
		"combat": 17
	},
	"spartanweaponry:rapier_steel":
	{
		"combat": 25
	},
	"spartanweaponry:rapier_stone":
	{
		"combat": 15
	},
	"spartanweaponry:rapier_tin":
	{
		"combat": 15
	},
	"spartanweaponry:rapier_wood":
	{
		"combat": 5
	},
	"spartanweaponry:saber_bronze":
	{
		"combat": 20
	},
	"spartanweaponry:saber_copper":
	{
		"combat": 15
	},
	"spartanweaponry:saber_diamond":
	{
		"combat": 45
	},
	"spartanweaponry:saber_electrum":
	{
		"combat": 20
	},
	"spartanweaponry:saber_gold":
	{
		"combat": 35
	},
	"spartanweaponry:saber_invar":
	{
		"combat": 22
	},
	"spartanweaponry:saber_iron":
	{
		"combat": 25
	},
	"spartanweaponry:saber_lead":
	{
		"combat": 20
	},
	"spartanweaponry:saber_netherite":
	{
		"combat": 65
	},
	"spartanweaponry:saber_nickel":
	{
		"combat": 20
	},
	"spartanweaponry:saber_platinum":
	{
		"combat": 37
	},
	"spartanweaponry:saber_silver":
	{
		"combat": 17
	},
	"spartanweaponry:saber_steel":
	{
		"combat": 25
	},
	"spartanweaponry:saber_stone":
	{
		"combat": 15
	},
	"spartanweaponry:saber_tin":
	{
		"combat": 15
	},
	"spartanweaponry:saber_wood":
	{
		"combat": 5
	},
	"spartanweaponry:spear_bronze":
	{
		"combat": 20
	},
	"spartanweaponry:spear_copper":
	{
		"combat": 15
	},
	"spartanweaponry:spear_diamond":
	{
		"combat": 45
	},
	"spartanweaponry:spear_electrum":
	{
		"combat": 20
	},
	"spartanweaponry:spear_gold":
	{
		"combat": 35
	},
	"spartanweaponry:spear_invar":
	{
		"combat": 22
	},
	"spartanweaponry:spear_iron":
	{
		"combat": 25
	},
	"spartanweaponry:spear_lead":
	{
		"combat": 20
	},
	"spartanweaponry:spear_netherite":
	{
		"combat": 65
	},
	"spartanweaponry:spear_nickel":
	{
		"combat": 20
	},
	"spartanweaponry:spear_platinum":
	{
		"combat": 37
	},
	"spartanweaponry:spear_silver":
	{
		"combat": 17
	},
	"spartanweaponry:spear_steel":
	{
		"combat": 25
	},
	"spartanweaponry:spear_stone":
	{
		"combat": 15
	},
	"spartanweaponry:spear_tin":
	{
		"combat": 15
	},
	"spartanweaponry:spear_wood":
	{
		"combat": 5
	},
	"spartanweaponry:throwing_knife_bronze":
	{
		"combat": 20
	},
	"spartanweaponry:throwing_knife_copper":
	{
		"combat": 15
	},
	"spartanweaponry:throwing_knife_diamond":
	{
		"combat": 45
	},
	"spartanweaponry:throwing_knife_electrum":
	{
		"combat": 20
	},
	"spartanweaponry:throwing_knife_gold":
	{
		"combat": 35
	},
	"spartanweaponry:throwing_knife_invar":
	{
		"combat": 22
	},
	"spartanweaponry:throwing_knife_iron":
	{
		"combat": 25
	},
	"spartanweaponry:throwing_knife_lead":
	{
		"combat": 20
	},
	"spartanweaponry:throwing_knife_netherite":
	{
		"combat": 65
	},
	"spartanweaponry:throwing_knife_nickel":
	{
		"combat": 20
	},
	"spartanweaponry:throwing_knife_platinum":
	{
		"combat": 37
	},
	"spartanweaponry:throwing_knife_silver":
	{
		"combat": 17
	},
	"spartanweaponry:throwing_knife_steel":
	{
		"combat": 25
	},
	"spartanweaponry:throwing_knife_stone":
	{
		"combat": 15
	},
	"spartanweaponry:throwing_knife_tin":
	{
		"combat": 15
	},
	"spartanweaponry:throwing_knife_wood":
	{
		"combat": 5
	},
	"spartanweaponry:tomahawk_bronze":
	{
		"combat": 20
	},
	"spartanweaponry:tomahawk_copper":
	{
		"combat": 15
	},
	"spartanweaponry:tomahawk_diamond":
	{
		"combat": 45
	},
	"spartanweaponry:tomahawk_electrum":
	{
		"combat": 20
	},
	"spartanweaponry:tomahawk_gold":
	{
		"combat": 35
	},
	"spartanweaponry:tomahawk_invar":
	{
		"combat": 22
	},
	"spartanweaponry:tomahawk_iron":
	{
		"combat": 25
	},
	"spartanweaponry:tomahawk_lead":
	{
		"combat": 20
	},
	"spartanweaponry:tomahawk_netherite":
	{
		"combat": 65
	},
	"spartanweaponry:tomahawk_nickel":
	{
		"combat": 20
	},
	"spartanweaponry:tomahawk_platinum":
	{
		"combat": 37
	},
	"spartanweaponry:tomahawk_silver":
	{
		"combat": 17
	},
	"spartanweaponry:tomahawk_steel":
	{
		"combat": 25
	},
	"spartanweaponry:tomahawk_stone":
	{
		"combat": 15
	},
	"spartanweaponry:tomahawk_tin":
	{
		"combat": 15
	},
	"spartanweaponry:tomahawk_wood":
	{
		"combat": 5
	},
	"spartanweaponry:warhammer_bronze":
	{
		"combat": 20
	},
	"spartanweaponry:warhammer_copper":
	{
		"combat": 15
	},
	"spartanweaponry:warhammer_diamond":
	{
		"combat": 45
	},
	"spartanweaponry:warhammer_electrum":
	{
		"combat": 20
	},
	"spartanweaponry:warhammer_gold":
	{
		"combat": 35
	},
	"spartanweaponry:warhammer_invar":
	{
		"combat": 22
	},
	"spartanweaponry:warhammer_iron":
	{
		"combat": 25
	},
	"spartanweaponry:warhammer_lead":
	{
		"combat": 20
	},
	"spartanweaponry:warhammer_netherite":
	{
		"combat": 65
	},
	"spartanweaponry:warhammer_nickel":
	{
		"combat": 20
	},
	"spartanweaponry:warhammer_platinum":
	{
		"combat": 37
	},
	"spartanweaponry:warhammer_silver":
	{
		"combat": 17
	},
	"spartanweaponry:warhammer_steel":
	{
		"combat": 25
	},
	"spartanweaponry:warhammer_stone":
	{
		"combat": 15
	},
	"spartanweaponry:warhammer_tin":
	{
		"combat": 15
	},
	"spartanweaponry:warhammer_wood":
	{
		"combat": 5
	},
	"switchbow:switchbow":
	{
		"archery": 20
	},
	"switchbow:switchcrossbow":
	{
		"archery": 30
	}
}