{
	"aquaculture:neptunium_axe":
	{
		"swimming": 2.5
	},
	"aquaculture:neptunium_hoe":
	{
		"farming": 20,
		"swimming": 2.5
	},
	"aquaculture:neptunium_pickaxe":
	{
		"swimming": 2.5
	},
	"aquaculture:neptunium_shovel":
	{
		"swimming": 2.5
	},
	"dungeons_gear:eternal_knife":
	{
		"hunter": 40
	},
	"dungeons_gear:frost_scythe":
	{
		"magic": 20
	},
	"dungeons_gear:harvester":
	{
		"hunter": 10,
		"magic": 10
	},
	"dungeons_gear:jailors_scythe":
	{
		"hunter": 20
	},
	"dungeons_gear:lightning_rod":
	{
		"hunter": 10
	},
	"dungeons_gear:soul_fist":
	{
		"agility": 20
	},
	"dungeons_gear:soul_healer":
	{
		"magic": 10,
		"hunter": 10
	},
	"dungeons_gear:soul_knife":
	{
		"hunter": 20
	},
	"dungeons_gear:soul_scythe":
	{
		"hunter": 10
	},
	"dungeons_gear:truthseeker":
	{
		"hunter": 20
	},
	"endreborn:end_stone_hoe":
	{
		"farming": 5
	},
	"endreborn:endorium_hoe":
	{
		"farming": 30
	},
	"endreborn:wolframium_hoe":
	{
		"farming": 15
	},
	"extendednether:netherite_hoe":
	{
		"farming": 15
	},
	"minecraft:diamond_hoe":
	{
		"farming": 10
	},
	"minecraft:golden_axe":
	{
		"woodcutting": 50,
		"combat": 50
	},
	"minecraft:golden_hoe":
	{
		"farming": 20
	},
	"minecraft:golden_pickaxe":
	{
		"mining": 50
	},
	"minecraft:golden_shovel":
	{
		"excavation": 50
	},
	"minecraft:golden_sword":
	{
		"combat": 50
	},
	"minecraft:iron_hoe":
	{
		"farming": 5
	},
	"minecraft:netherite_hoe":
	{
		"farming": 15
	},
	"minecraft:stone_hoe":
	{
		"farming": 2.5
	},
	"minecraft:wooden_hoe":
	{
		"farming": 1
	}
}