{
	"minecraft:bamboo_jungle":
	{
		"agility": 25,
		"swimming": 25,
		"fishing": 25,
		"combat": 10,
		"archery": 35,
		"woodcutting": -25,
		"farming": -25
	},
	"minecraft:bamboo_jungle_hills":
	{
		"agility": 25,
		"swimming": 25,
		"fishing": 25,
		"combat": 10,
		"archery": 35,
		"woodcutting": -75,
		"farming": -75
	},
	"minecraft:cold_ocean":
	{
		"swimming": 50,
		"fishing": 30
	},
	"minecraft:deep_frozen_ocean":
	{
		"swimming": 100,
		"fishing": 50
	},
	"minecraft:deep_ocean":
	{
		"swimming": 50,
		"fishing": 20
	},
	"minecraft:desert":
	{
		"excavation": 10,
		"farming": -15
	},
	"minecraft:frozen_ocean":
	{
		"swimming": 75,
		"fishing": 40
	},
	"minecraft:jungle":
	{
		"agility": 25,
		"swimming": 25,
		"fishing": 25,
		"combat": 10,
		"archery": 35,
		"woodcutting": -25,
		"farming": -25
	},
	"minecraft:jungle_edge":
	{
		"agility": 25,
		"swimming": 25,
		"fishing": 25,
		"combat": 10,
		"archery": 35,
		"woodcutting": -75,
		"farming": -75
	},
	"minecraft:jungle_hills":
	{
		"agility": 25,
		"swimming": 25,
		"fishing": 25,
		"combat": 10,
		"archery": 35,
		"woodcutting": -75,
		"farming": -75
	},
	"minecraft:ocean":
	{
		"swimming": 25,
		"fishing": 10
	},
	"minecraft:river":
	{
		"fishing": 5
	}
}