{
	"#forge:ores/aluminum":
	{
		"mining": 14
	},
	"#forge:ores/coal":
	{
		"mining": 2
	},
	"#forge:ores/copper":
	{
		"mining": 6.5
	},
	"#forge:ores/diamond":
	{
		"mining": 35
	},
	"#forge:ores/emerald":
	{
		"mining": 60
	},
	"#forge:ores/gold":
	{
		"mining": 22
	},
	"#forge:ores/iron":
	{
		"mining": 12
	},
	"#forge:ores/lapis":
	{
		"mining": 5
	},
	"#forge:ores/nickel":
	{
		"mining": 8
	},
	"#forge:ores/quartz":
	{
		"mining": 1.5
	},
	"#forge:ores/redstone":
	{
		"mining": 1.5
	},
	"#forge:ores/silver":
	{
		"mining": 13
	},
	"#forge:ores/tin":
	{
		"mining": 7.5
	},
	"#forge:ores/zinc":
	{
		"mining": 22
	},
	"#minecraft:logs":
	{
		"woodcutting": 8
	},
	"appliedenergistics2:charged_quartz_ore":
	{
		"mining": 20
	},
	"appliedenergistics2:quartz_ore":
	{
		"mining": 8
	},
	"ars_nouveau:arcane_ore":
	{
		"mining": 13.5
	},
	"ars_nouveau:blue_archwood_log":
	{
		"woodcutting": 7.5
	},
	"ars_nouveau:blue_archwood_wood":
	{
		"woodcutting": 7.5
	},
	"ars_nouveau:green_archwood_log":
	{
		"woodcutting": 7.25
	},
	"ars_nouveau:green_archwood_wood":
	{
		"woodcutting": 7.25
	},
	"ars_nouveau:mana_bloom_crop":
	{
		"farming": 3
	},
	"ars_nouveau:purple_archwood_log":
	{
		"woodcutting": 7.615
	},
	"ars_nouveau:purple_archwood_wood":
	{
		"woodcutting": 7.615
	},
	"ars_nouveau:red_archwood_log":
	{
		"woodcutting": 7.35
	},
	"ars_nouveau:red_archwood_wood":
	{
		"woodcutting": 7.35
	},
	"astralsorcery:aquamarine_sand_ore":
	{
		"excavation": 5,
		"magic": 2
	},
	"astralsorcery:rock_crystal_ore":
	{
		"mining": 22,
		"magic": 35
	},
	"astralsorcery:starmetal_ore":
	{
		"mining": 12,
		"magic": 22
	},
	"autumnity:maple_log":
	{
		"woodcutting": 13
	},
	"autumnity:maple_wood":
	{
		"woodcutting": 13
	},
	"autumnity:sappy_maple_log":
	{
		"woodcutting": 13
	},
	"autumnity:sappy_maple_wood":
	{
		"woodcutting": 13
	},
	"bigreactors:anglesite_ore":
	{
		"mining": 35
	},
	"bigreactors:benitoite_ore":
	{
		"mining": 35
	},
	"bigreactors:yellorite_ore":
	{
		"mining": 28
	},
	"biomesoplenty:cherry_log":
	{
		"woodcutting": 15
	},
	"biomesoplenty:cherry_wood":
	{
		"woodcutting": 15
	},
	"biomesoplenty:dead_log":
	{
		"woodcutting": 6
	},
	"biomesoplenty:dead_wood":
	{
		"woodcutting": 6
	},
	"biomesoplenty:fir_log":
	{
		"woodcutting": 8
	},
	"biomesoplenty:fir_wood":
	{
		"woodcutting": 8
	},
	"biomesoplenty:hellbark_log":
	{
		"woodcutting": 10
	},
	"biomesoplenty:hellbark_wood":
	{
		"woodcutting": 10
	},
	"biomesoplenty:jacaranda_log":
	{
		"woodcutting": 9
	},
	"biomesoplenty:jacaranda_wood":
	{
		"woodcutting": 9
	},
	"biomesoplenty:magic_log":
	{
		"woodcutting": 15,
		"magic": 5
	},
	"biomesoplenty:magic_wood":
	{
		"woodcutting": 15,
		"magic": 5
	},
	"biomesoplenty:mahogany_log":
	{
		"woodcutting": 8
	},
	"biomesoplenty:mahogany_wood":
	{
		"woodcutting": 8
	},
	"biomesoplenty:palm_log":
	{
		"woodcutting": 12
	},
	"biomesoplenty:palm_wood":
	{
		"woodcutting": 12
	},
	"biomesoplenty:redwood_log":
	{
		"woodcutting": 7
	},
	"biomesoplenty:redwood_wood":
	{
		"woodcutting": 7
	},
	"biomesoplenty:umbran_log":
	{
		"woodcutting": 9
	},
	"biomesoplenty:umbran_wood":
	{
		"woodcutting": 9
	},
	"biomesoplenty:white_sand":
	{
		"excavation": 1.3
	},
	"biomesoplenty:willow_log":
	{
		"woodcutting": 14
	},
	"biomesoplenty:willow_wood":
	{
		"woodcutting": 14
	},
	"bno:netheraluminum_ore":
	{
		"mining": 8
	},
	"bno:nethercoal_ore":
	{
		"mining": 4
	},
	"bno:nethercopper_ore":
	{
		"mining": 7
	},
	"bno:netherdiamond_ore":
	{
		"mining": 35
	},
	"bno:netheremerald_ore":
	{
		"mining": 60
	},
	"bno:netheriron_ore":
	{
		"mining": 12
	},
	"bno:netherlapis_ore":
	{
		"mining": 5
	},
	"bno:netherlead_ore":
	{
		"mining": 20
	},
	"bno:nethernickel_ore":
	{
		"mining": 28
	},
	"bno:netherosmium_ore":
	{
		"mining": 16
	},
	"bno:netherredstone_ore":
	{
		"mining": 1.5
	},
	"bno:nethersilver_ore":
	{
		"mining": 22
	},
	"bno:nethertin_ore":
	{
		"mining": 10
	},
	"bno:netheruranium_ore":
	{
		"mining": 22
	},
	"byg:holly_log":
	{
		"woodcutting": 8
	},
	"byg:zelkova_log":
	{
		"woodcutting": 9
	},
	"charm:nether_gold_deposit":
	{
		"mining": 2
	},
	"charm:pig_iron_ore":
	{
		"mining": 12
	},
	"create:dark_scoria":
	{
		"mining": 0.4
	},
	"create:dolomite":
	{
		"mining": 0.25
	},
	"create:gabbro":
	{
		"mining": 0.35
	},
	"create:limestone":
	{
		"mining": 0.3
	},
	"create:natural_scoria":
	{
		"mining": 0.65
	},
	"create:polished_dark_scoria":
	{
		"mining": 0.4
	},
	"create:polished_dolomite":
	{
		"mining": 0.25
	},
	"create:polished_gabbro":
	{
		"mining": 0.35
	},
	"create:polished_limestone":
	{
		"mining": 0.3
	},
	"create:polished_scoria":
	{
		"mining": 0.35
	},
	"create:polished_weathered_limestone":
	{
		"mining": 0.3
	},
	"create:scoria":
	{
		"mining": 0.35
	},
	"create:weathered_limestone":
	{
		"mining": 0.3
	},
	"druidcraft:amber_ore":
	{
		"mining": 22,
		"magic": 12
	},
	"druidcraft:fiery_glass_ore":
	{
		"mining": 22,
		"magic": 12
	},
	"druidcraft:moonstone_ore":
	{
		"mining": 22,
		"magic": 12
	},
	"druidcraft:rockroot_ore":
	{
		"mining": 22,
		"magic": 12
	},
	"elementalcraft:crystalore":
	{
		"mining": 16,
		"magic": 8
	},
	"endreborn:end_wolframium_ore":
	{
		"mining": 14
	},
	"endreborn:obsidian_ore":
	{
		"mining": 50
	},
	"endreborn:quartz_ore":
	{
		"mining": 13
	},
	"endreborn:wolframium_ore":
	{
		"mining": 12
	},
	"enigmaticlegacy:etherium_ore":
	{
		"mining": 22
	},
	"forbidden_arcanus:arcane_crystal_ore":
	{
		"mining": 12,
		"magic": 6
	},
	"good_nights_sleep:necrum_ore":
	{
		"mining": 16,
		"magic": 4
	},
	"good_nights_sleep:negatite_ore":
	{
		"mining": 22,
		"magic": 8
	},
	"good_nights_sleep:positite_ore":
	{
		"mining": 22,
		"magic": 8
	},
	"good_nights_sleep:rainbow_ore":
	{
		"mining": 16,
		"magic": 4
	},
	"good_nights_sleep:zitrite_ore":
	{
		"mining": 12,
		"magic": 2
	},
	"iceandfire:amythest_ore":
	{
		"mining": 25
	},
	"iceandfire:copper_ore":
	{
		"mining": 7
	},
	"iceandfire:sapphire_ore":
	{
		"mining": 30
	},
	"iceandfire:silver_ore":
	{
		"mining": 22
	},
	"mekanism:fluorite_ore":
	{
		"mining": 10
	},
	"mekanism:osmium_ore":
	{
		"mining": 16
	},
	"minecraft:acacia_leaves":
	{
		"woodcutting": 1.1
	},
	"minecraft:acacia_log":
	{
		"woodcutting": 14
	},
	"minecraft:acacia_planks":
	{
		"woodcutting": 5
	},
	"minecraft:acacia_sapling":
	{
		"woodcutting": 26
	},
	"minecraft:acacia_wood":
	{
		"woodcutting": 14
	},
	"minecraft:allium":
	{
		"farming": 12.5
	},
	"minecraft:andesite":
	{
		"mining": 0.5
	},
	"minecraft:azure_bluet":
	{
		"farming": 4.5
	},
	"minecraft:bamboo":
	{
		"farming": 0.2,
		"woodcutting": 0.4
	},
	"minecraft:bamboo_sapling":
	{
		"farming": 0.2,
		"woodcutting": 0.4
	},
	"minecraft:bedrock":
	{
		"mining": 9001
	},
	"minecraft:beetroot":
	{
		"farming": 1.5
	},
	"minecraft:beetroots":
	{
		"farming": 1.5
	},
	"minecraft:birch_leaves":
	{
		"woodcutting": 0.7
	},
	"minecraft:birch_log":
	{
		"woodcutting": 12
	},
	"minecraft:birch_planks":
	{
		"woodcutting": 5
	},
	"minecraft:birch_sapling":
	{
		"woodcutting": 12
	},
	"minecraft:birch_wood":
	{
		"woodcutting": 12
	},
	"minecraft:blue_orchid":
	{
		"farming": 20
	},
	"minecraft:bookshelf":
	{
		"woodcutting": 50
	},
	"minecraft:brown_mushroom":
	{
		"farming": 10
	},
	"minecraft:brown_mushroom_block":
	{
		"farming": 3
	},
	"minecraft:cactus":
	{
		"farming": 2
	},
	"minecraft:carrot":
	{
		"farming": 1
	},
	"minecraft:carrots":
	{
		"farming": 1
	},
	"minecraft:chorus_flower":
	{
		"farming": 35
	},
	"minecraft:chorus_plant":
	{
		"farming": 2.5
	},
	"minecraft:clay":
	{
		"excavation": 5
	},
	"minecraft:clay_ball":
	{
		"excavation": 5
	},
	"minecraft:coarse_dirt":
	{
		"excavation": 1.7
	},
	"minecraft:cobblestone":
	{
		"mining": 0.5
	},
	"minecraft:cobweb":
	{
		"farming": 5
	},
	"minecraft:cocoa":
	{
		"farming": 2
	},
	"minecraft:cornflower":
	{
		"farming": 5.5
	},
	"minecraft:dandelion":
	{
		"farming": 8
	},
	"minecraft:dark_oak_leaves":
	{
		"woodcutting": 0.6
	},
	"minecraft:dark_oak_log":
	{
		"woodcutting": 7
	},
	"minecraft:dark_oak_planks":
	{
		"woodcutting": 5
	},
	"minecraft:dark_oak_sapling":
	{
		"woodcutting": 18
	},
	"minecraft:dark_oak_wood":
	{
		"woodcutting": 7
	},
	"minecraft:dark_prismarine":
	{
		"mining": 3.5
	},
	"minecraft:dead_bush":
	{
		"farming": 5
	},
	"minecraft:diorite":
	{
		"mining": 0.3
	},
	"minecraft:dirt":
	{
		"excavation": 1.5
	},
	"minecraft:fern":
	{
		"farming": 0.35
	},
	"minecraft:granite":
	{
		"mining": 0.4
	},
	"minecraft:grass":
	{
		"farming": 0.25
	},
	"minecraft:grass_block":
	{
		"excavation": 2
	},
	"minecraft:gravel":
	{
		"excavation": 2
	},
	"minecraft:ice":
	{
		"mining": 0.1
	},
	"minecraft:infested_chiseled_stone_bricks":
	{
		"mining": 200
	},
	"minecraft:infested_cobblestone":
	{
		"mining": 50
	},
	"minecraft:infested_cracked_stone_bricks":
	{
		"mining": 200
	},
	"minecraft:infested_mossy_stone_bricks":
	{
		"mining": 200
	},
	"minecraft:infested_stone":
	{
		"mining": 50
	},
	"minecraft:infested_stone_bricks":
	{
		"mining": 200
	},
	"minecraft:jungle_leaves":
	{
		"woodcutting": 0.9
	},
	"minecraft:jungle_log":
	{
		"woodcutting": 4.5
	},
	"minecraft:jungle_planks":
	{
		"woodcutting": 5
	},
	"minecraft:jungle_sapling":
	{
		"woodcutting": 24
	},
	"minecraft:jungle_wood":
	{
		"woodcutting": 4.5
	},
	"minecraft:kelp":
	{
		"farming": 1
	},
	"minecraft:kelp_plant":
	{
		"farming": 1
	},
	"minecraft:large_fern":
	{
		"farming": 5.5
	},
	"minecraft:lilac":
	{
		"farming": 16.5
	},
	"minecraft:lily_of_the_valley":
	{
		"farming": 9.5
	},
	"minecraft:lily_pad":
	{
		"farming": 5
	},
	"minecraft:log":
	{
		"woodcutting": 8
	},
	"minecraft:melon":
	{
		"farming": 7.5
	},
	"minecraft:melon_seeds":
	{
		"farming": 7.5
	},
	"minecraft:melon_slice":
	{
		"farming": 7.5
	},
	"minecraft:mossy_cobblestone":
	{
		"mining": 1.5
	},
	"minecraft:mycelium":
	{
		"excavation": 6,
		"farming": 1
	},
	"minecraft:nether_bricks":
	{
		"mining": 1.5
	},
	"minecraft:nether_quartz":
	{
		"mining": 1.5
	},
	"minecraft:nether_wart":
	{
		"farming": 1
	},
	"minecraft:netherrack":
	{
		"mining": 0.1
	},
	"minecraft:oak_leaves":
	{
		"woodcutting": 0.5
	},
	"minecraft:oak_log":
	{
		"woodcutting": 8
	},
	"minecraft:oak_planks":
	{
		"woodcutting": 5
	},
	"minecraft:oak_sapling":
	{
		"woodcutting": 15
	},
	"minecraft:oak_wood":
	{
		"woodcutting": 8
	},
	"minecraft:orange_tulip":
	{
		"farming": 16.5
	},
	"minecraft:oxeye_daisy":
	{
		"farming": 8.5
	},
	"minecraft:peony":
	{
		"farming": 17.5
	},
	"minecraft:pink_tulip":
	{
		"farming": 6
	},
	"minecraft:podzol":
	{
		"excavation": 3,
		"farming": 1
	},
	"minecraft:polished_andesite":
	{
		"mining": 0.5
	},
	"minecraft:polished_diorite":
	{
		"mining": 0.3
	},
	"minecraft:polished_granite":
	{
		"mining": 0.4
	},
	"minecraft:poppy":
	{
		"farming": 11.5
	},
	"minecraft:potato":
	{
		"farming": 0.75
	},
	"minecraft:potatoes":
	{
		"farming": 0.75
	},
	"minecraft:prismarine":
	{
		"mining": 2.5
	},
	"minecraft:prismarine_bricks":
	{
		"mining": 4
	},
	"minecraft:pumpkin":
	{
		"farming": 7.5
	},
	"minecraft:pumpkin_seeds":
	{
		"farming": 7.5
	},
	"minecraft:purpur_block":
	{
		"mining": 2
	},
	"minecraft:purpur_pillar":
	{
		"mining": 2.5
	},
	"minecraft:rail":
	{
		"mining": 0.8
	},
	"minecraft:red_mushroom":
	{
		"farming": 12
	},
	"minecraft:red_mushroom_block":
	{
		"farming": 4
	},
	"minecraft:red_sand":
	{
		"excavation": 1.2
	},
	"minecraft:red_tulip":
	{
		"farming": 7.5
	},
	"minecraft:rose_bush":
	{
		"farming": 13.5
	},
	"minecraft:sand":
	{
		"excavation": 1
	},
	"minecraft:sea_grass":
	{
		"farming": 4.5
	},
	"minecraft:sea_pickle":
	{
		"farming": 1
	},
	"minecraft:snow_block":
	{
		"excavation": 3.5
	},
	"minecraft:soul_sand":
	{
		"excavation": 5
	},
	"minecraft:spawner":
	{
		"mining": 50,
		"combat": 150,
		"endurance": 100
	},
	"minecraft:spruce_leaves":
	{
		"woodcutting": 1.5
	},
	"minecraft:spruce_log":
	{
		"woodcutting": 5
	},
	"minecraft:spruce_planks":
	{
		"woodcutting": 5
	},
	"minecraft:spruce_sapling":
	{
		"woodcutting": 10
	},
	"minecraft:spruce_wood":
	{
		"woodcutting": 5
	},
	"minecraft:stone":
	{
		"mining": 0.1
	},
	"minecraft:stone_bricks":
	{
		"mining": 0.7
	},
	"minecraft:sugar_cane":
	{
		"farming": 1.5
	},
	"minecraft:sunflower":
	{
		"farming": 17.5
	},
	"minecraft:sweet_berry_bush":
	{
		"farming": 1.25
	},
	"minecraft:tall_grass":
	{
		"farming": 4.5
	},
	"minecraft:vine":
	{
		"farming": 3.5
	},
	"minecraft:wheat":
	{
		"farming": 1
	},
	"minecraft:wheat_seeds":
	{
		"farming": 1
	},
	"minecraft:white_tulip":
	{
		"farming": 8.5
	},
	"minecraft:wither_rose":
	{
		"farming": 35
	},
	"mysticalagradditions:end_inferium_ore":
	{
		"mining": 8,
		"magic": 4
	},
	"mysticalagradditions:end_prosperity_ore":
	{
		"mining": 8,
		"magic": 2
	},
	"mysticalagradditions:nether_inferium_ore":
	{
		"mining": 8,
		"magic": 4
	},
	"mysticalagradditions:nether_prosperity_ore":
	{
		"mining": 8,
		"magic": 2
	},
	"mysticalagriculture:inferium_ore":
	{
		"mining": 8,
		"magic": 4
	},
	"mysticalagriculture:prosperity_ore":
	{
		"mining": 8,
		"magic": 2
	},
	"mysticalagriculture:soulium_ore":
	{
		"mining": 18,
		"magic": 4
	},
	"oresandmetals:adamantite_ore":
	{
		"mining": 30
	},
	"oresandmetals:banite_ore":
	{
		"mining": 75
	},
	"oresandmetals:dark_animica_ore":
	{
		"mining": 85
	},
	"oresandmetals:drakolith_ore":
	{
		"mining": 55
	},
	"oresandmetals:light_animica_ore":
	{
		"mining": 85
	},
	"oresandmetals:mithril_ore":
	{
		"mining": 20
	},
	"oresandmetals:necrite_ore":
	{
		"mining": 65
	},
	"oresandmetals:orichalcite_ore":
	{
		"mining": 55
	},
	"oresandmetals:phasmatite_ore":
	{
		"mining": 65
	},
	"oresandmetals:runite_ore":
	{
		"mining": 45
	},
	"powah:uraninite_ore":
	{
		"mining": 18
	},
	"powah:uraninite_ore_dense":
	{
		"mining": 30
	},
	"powah:uraninite_ore_poor":
	{
		"mining": 4
	},
	"rats:cheese_ore":
	{
		"mining": 12
	},
	"rats:oratchalcum_ore":
	{
		"mining": 22
	},
	"rats:ratlantean_gem_ore":
	{
		"mining": 28,
		"magic": 8
	},
	"rftools:dimensional_shard_ore":
	{
		"mining": 22,
		"magic": 35
	},
	"scalinghealth:heart_crystal_ore":
	{
		"mining": 20
	},
	"scalinghealth:power_crystal_ore":
	{
		"mining": 20
	},
	"silentgear:azure_silver_ore":
	{
		"mining": 30
	},
	"silentgear:crimson_iron_ore":
	{
		"mining": 22
	},
	"silentgems:agate_ore":
	{
		"mining": 18
	},
	"silentgems:alexandrite_ore":
	{
		"mining": 18
	},
	"silentgems:amber_ore":
	{
		"mining": 18
	},
	"silentgems:ametrine_ore":
	{
		"mining": 18
	},
	"silentgems:ammolite_ore":
	{
		"mining": 18
	},
	"silentgems:apatite_ore":
	{
		"mining": 6
	},
	"silentgems:aquamarine_ore":
	{
		"mining": 18
	},
	"silentgems:benitoite_ore":
	{
		"mining": 18
	},
	"silentgems:black_diamond_ore":
	{
		"mining": 18
	},
	"silentgems:carnelian_ore":
	{
		"mining": 18
	},
	"silentgems:cats_eye_ore":
	{
		"mining": 18
	},
	"silentgems:chaos_ore":
	{
		"mining": 8
	},
	"silentgems:chrysoprase_ore":
	{
		"mining": 18
	},
	"silentgems:citrine_ore":
	{
		"mining": 18
	},
	"silentgems:coral_ore":
	{
		"mining": 18
	},
	"silentgems:ender_ore":
	{
		"mining": 12
	},
	"silentgems:euclase_ore":
	{
		"mining": 18
	},
	"silentgems:fluorite_ore":
	{
		"mining": 10
	},
	"silentgems:garnet_ore":
	{
		"mining": 18
	},
	"silentgems:green_sapphire_ore":
	{
		"mining": 18
	},
	"silentgems:heliodor_ore":
	{
		"mining": 18
	},
	"silentgems:iolite_ore":
	{
		"mining": 18
	},
	"silentgems:jade_ore":
	{
		"mining": 18
	},
	"silentgems:jasper_ore":
	{
		"mining": 18
	},
	"silentgems:kunzite_ore":
	{
		"mining": 18
	},
	"silentgems:kyanite_ore":
	{
		"mining": 18
	},
	"silentgems:lepidolite_ore":
	{
		"mining": 18
	},
	"silentgems:malachite_ore":
	{
		"mining": 18
	},
	"silentgems:moldavite_ore":
	{
		"mining": 18
	},
	"silentgems:moonstone_ore":
	{
		"mining": 18
	},
	"silentgems:morganite_ore":
	{
		"mining": 18
	},
	"silentgems:onyx_ore":
	{
		"mining": 18
	},
	"silentgems:opal_ore":
	{
		"mining": 18
	},
	"silentgems:pearl_ore":
	{
		"mining": 18
	},
	"silentgems:peridot_ore":
	{
		"mining": 18
	},
	"silentgems:phosphophyllite_ore":
	{
		"mining": 18
	},
	"silentgems:pyrope_ore":
	{
		"mining": 18
	},
	"silentgems:rose_quartz_ore":
	{
		"mining": 18
	},
	"silentgems:ruby_ore":
	{
		"mining": 18
	},
	"silentgems:sapphire_ore":
	{
		"mining": 30
	},
	"silentgems:sodalite_ore":
	{
		"mining": 18
	},
	"silentgems:spinel_ore":
	{
		"mining": 18
	},
	"silentgems:sunstone_ore":
	{
		"mining": 18
	},
	"silentgems:tanzanite_ore":
	{
		"mining": 18
	},
	"silentgems:tektite_ore":
	{
		"mining": 18
	},
	"silentgems:topaz_ore":
	{
		"mining": 18
	},
	"silentgems:turquoise_ore":
	{
		"mining": 18
	},
	"silentgems:yellow_diamond_ore":
	{
		"mining": 18
	},
	"silentgems:zircon_ore":
	{
		"mining": 18
	},
	"silents_mechanisms:bauxite_ore":
	{
		"mining": 8
	},
	"silents_mechanisms:bismuth_ore":
	{
		"mining": 15
	},
	"silents_mechanisms:platinum_ore":
	{
		"mining": 28
	},
	"silents_mechanisms:uranium_ore":
	{
		"mining": 22
	},
	"silents_mechanisms:zinc_ore":
	{
		"mining": 12
	},
	"silentsgems:amethyst_ore":
	{
		"mining": 25
	},
	"thermal:apatite_ore":
	{
		"mining": 6
	},
	"thermal:cinnabar_ore":
	{
		"mining": 18
	},
	"thermal:copper_ore":
	{
		"mining": 7
	},
	"thermal:lead_ore":
	{
		"mining": 20
	},
	"thermal:nickel_ore":
	{
		"mining": 22
	},
	"thermal:niter_ore":
	{
		"mining": 16
	},
	"thermal:ruby_ore":
	{
		"mining": 18
	},
	"thermal:sapphire_ore":
	{
		"mining": 30
	},
	"thermal:silver_ore":
	{
		"mining": 22
	},
	"thermal:sulfur_ore":
	{
		"mining": 16
	},
	"thermal:tin_ore":
	{
		"mining": 10
	},
	"tmechworks:aluminum_ore":
	{
		"mining": 8
	},
	"tmechworks:copper_ore":
	{
		"mining": 7
	},
	"traverse:fir_log":
	{
		"woodcutting": 7
	},
	"traverse:fir_wood":
	{
		"woodcutting": 7
	},
	"treemendous:alder_leaves":
	{
		"woodcutting": 1.5
	},
	"treemendous:alder_log":
	{
		"woodcutting": 5
	},
	"treemendous:alder_planks":
	{
		"woodcutting": 5
	},
	"treemendous:alder_sapling":
	{
		"woodcutting": 10
	},
	"treemendous:alder_wood":
	{
		"woodcutting": 5
	},
	"treemendous:ash_leaves":
	{
		"woodcutting": 1.5
	},
	"treemendous:ash_log":
	{
		"woodcutting": 5
	},
	"treemendous:ash_planks":
	{
		"woodcutting": 5
	},
	"treemendous:ash_sapling":
	{
		"woodcutting": 10
	},
	"treemendous:ash_wood":
	{
		"woodcutting": 5
	},
	"treemendous:beech_leaves":
	{
		"woodcutting": 1.5
	},
	"treemendous:beech_log":
	{
		"woodcutting": 5
	},
	"treemendous:beech_planks":
	{
		"woodcutting": 5
	},
	"treemendous:beech_sapling":
	{
		"woodcutting": 10
	},
	"treemendous:beech_wood":
	{
		"woodcutting": 5
	},
	"treemendous:brown_maple_leaves":
	{
		"woodcutting": 1.5
	},
	"treemendous:cedar_leaves":
	{
		"woodcutting": 1.5
	},
	"treemendous:cedar_log":
	{
		"woodcutting": 5
	},
	"treemendous:cedar_planks":
	{
		"woodcutting": 5
	},
	"treemendous:cedar_sapling":
	{
		"woodcutting": 10
	},
	"treemendous:cedar_wood":
	{
		"woodcutting": 5
	},
	"treemendous:cherry_leaves":
	{
		"woodcutting": 1.5
	},
	"treemendous:cherry_log":
	{
		"woodcutting": 5
	},
	"treemendous:cherry_planks":
	{
		"woodcutting": 5
	},
	"treemendous:cherry_sapling":
	{
		"woodcutting": 10
	},
	"treemendous:cherry_wood":
	{
		"woodcutting": 5
	},
	"treemendous:chestnut_leaves":
	{
		"woodcutting": 1.5
	},
	"treemendous:chestnut_log":
	{
		"woodcutting": 5
	},
	"treemendous:chestnut_planks":
	{
		"woodcutting": 5
	},
	"treemendous:chestnut_sapling":
	{
		"woodcutting": 10
	},
	"treemendous:chestnut_wood":
	{
		"woodcutting": 5
	},
	"treemendous:douglas_leaves":
	{
		"woodcutting": 1.5
	},
	"treemendous:douglas_log":
	{
		"woodcutting": 5
	},
	"treemendous:douglas_planks":
	{
		"woodcutting": 5
	},
	"treemendous:douglas_sapling":
	{
		"woodcutting": 10
	},
	"treemendous:douglas_wood":
	{
		"woodcutting": 5
	},
	"treemendous:elm_leaves":
	{
		"woodcutting": 1.5
	},
	"treemendous:elm_log":
	{
		"woodcutting": 5
	},
	"treemendous:elm_planks":
	{
		"woodcutting": 5
	},
	"treemendous:elm_sapling":
	{
		"woodcutting": 10
	},
	"treemendous:elm_wood":
	{
		"woodcutting": 5
	},
	"treemendous:fir_leaves":
	{
		"woodcutting": 1.5
	},
	"treemendous:fir_log":
	{
		"woodcutting": 5
	},
	"treemendous:fir_planks":
	{
		"woodcutting": 5
	},
	"treemendous:fir_sapling":
	{
		"woodcutting": 10
	},
	"treemendous:fir_wood":
	{
		"woodcutting": 5
	},
	"treemendous:japanese_leaves":
	{
		"woodcutting": 1.5
	},
	"treemendous:japanese_log":
	{
		"woodcutting": 5
	},
	"treemendous:japanese_planks":
	{
		"woodcutting": 5
	},
	"treemendous:japanese_sapling":
	{
		"woodcutting": 10
	},
	"treemendous:japanese_wood":
	{
		"woodcutting": 5
	},
	"treemendous:juniper_leaves":
	{
		"woodcutting": 1.5
	},
	"treemendous:juniper_log":
	{
		"woodcutting": 5
	},
	"treemendous:juniper_planks":
	{
		"woodcutting": 5
	},
	"treemendous:juniper_sapling":
	{
		"woodcutting": 10
	},
	"treemendous:juniper_wood":
	{
		"woodcutting": 5
	},
	"treemendous:larch_leaves":
	{
		"woodcutting": 1.5
	},
	"treemendous:larch_log":
	{
		"woodcutting": 5
	},
	"treemendous:larch_planks":
	{
		"woodcutting": 5
	},
	"treemendous:larch_sapling":
	{
		"woodcutting": 10
	},
	"treemendous:larch_wood":
	{
		"woodcutting": 5
	},
	"treemendous:linden_leaves":
	{
		"woodcutting": 1.5
	},
	"treemendous:linden_log":
	{
		"woodcutting": 5
	},
	"treemendous:linden_planks":
	{
		"woodcutting": 5
	},
	"treemendous:linden_sapling":
	{
		"woodcutting": 10
	},
	"treemendous:linden_wood":
	{
		"woodcutting": 5
	},
	"treemendous:magnolia_leaves":
	{
		"woodcutting": 1.5
	},
	"treemendous:magnolia_log":
	{
		"woodcutting": 5
	},
	"treemendous:magnolia_planks":
	{
		"woodcutting": 5
	},
	"treemendous:magnolia_sapling":
	{
		"woodcutting": 10
	},
	"treemendous:magnolia_wood":
	{
		"woodcutting": 5
	},
	"treemendous:maple_leaves":
	{
		"woodcutting": 1.5
	},
	"treemendous:maple_log":
	{
		"woodcutting": 5
	},
	"treemendous:maple_planks":
	{
		"woodcutting": 5
	},
	"treemendous:maple_sapling":
	{
		"woodcutting": 10
	},
	"treemendous:maple_wood":
	{
		"woodcutting": 5
	},
	"treemendous:pine_leaves":
	{
		"woodcutting": 1.5
	},
	"treemendous:pine_log":
	{
		"woodcutting": 5
	},
	"treemendous:pine_planks":
	{
		"woodcutting": 5
	},
	"treemendous:pine_sapling":
	{
		"woodcutting": 10
	},
	"treemendous:pine_wood":
	{
		"woodcutting": 5
	},
	"treemendous:plane_leaves":
	{
		"woodcutting": 1.5
	},
	"treemendous:plane_log":
	{
		"woodcutting": 5
	},
	"treemendous:plane_planks":
	{
		"woodcutting": 5
	},
	"treemendous:plane_sapling":
	{
		"woodcutting": 10
	},
	"treemendous:plane_wood":
	{
		"woodcutting": 5
	},
	"treemendous:pomegranate_leaves":
	{
		"woodcutting": 1.5
	},
	"treemendous:pomegranate_log":
	{
		"woodcutting": 5
	},
	"treemendous:pomegranate_planks":
	{
		"woodcutting": 5
	},
	"treemendous:pomegranate_sapling":
	{
		"woodcutting": 10
	},
	"treemendous:pomegranate_wood":
	{
		"woodcutting": 5
	},
	"treemendous:poplar_leaves":
	{
		"woodcutting": 1.5
	},
	"treemendous:poplar_log":
	{
		"woodcutting": 5
	},
	"treemendous:poplar_planks":
	{
		"woodcutting": 5
	},
	"treemendous:poplar_sapling":
	{
		"woodcutting": 10
	},
	"treemendous:poplar_wood":
	{
		"woodcutting": 5
	},
	"treemendous:rainbow_eucalyptus_leaves":
	{
		"woodcutting": 1.5
	},
	"treemendous:rainbow_eucalyptus_log":
	{
		"woodcutting": 5
	},
	"treemendous:rainbow_eucalyptus_planks":
	{
		"woodcutting": 5
	},
	"treemendous:rainbow_eucalyptus_sapling":
	{
		"woodcutting": 10
	},
	"treemendous:rainbow_eucalyptus_wood":
	{
		"woodcutting": 5
	},
	"treemendous:red_maple_leaves":
	{
		"woodcutting": 1.5
	},
	"treemendous:robinia_leaves":
	{
		"woodcutting": 1.5
	},
	"treemendous:robinia_log":
	{
		"woodcutting": 5
	},
	"treemendous:robinia_planks":
	{
		"woodcutting": 5
	},
	"treemendous:robinia_sapling":
	{
		"woodcutting": 10
	},
	"treemendous:robinia_wood":
	{
		"woodcutting": 5
	},
	"treemendous:walnut_leaves":
	{
		"woodcutting": 1.5
	},
	"treemendous:walnut_log":
	{
		"woodcutting": 5
	},
	"treemendous:walnut_planks":
	{
		"woodcutting": 5
	},
	"treemendous:walnut_sapling":
	{
		"woodcutting": 10
	},
	"treemendous:walnut_wood":
	{
		"woodcutting": 5
	},
	"treemendous:willow_leaves":
	{
		"woodcutting": 1.5
	},
	"treemendous:willow_log":
	{
		"woodcutting": 5
	},
	"treemendous:willow_planks":
	{
		"woodcutting": 5
	},
	"treemendous:willow_sapling":
	{
		"woodcutting": 10
	},
	"treemendous:willow_wood":
	{
		"woodcutting": 5
	},
	"undergarden:cloggrum_ore":
	{
		"mining": 18
	},
	"undergarden:coal_ore":
	{
		"mining": 4
	},
	"undergarden:diamond_ore":
	{
		"mining": 35
	},
	"undergarden:froststeel_ore":
	{
		"mining": 18
	},
	"undergarden:gold_ore":
	{
		"mining": 22
	},
	"undergarden:iron_ore":
	{
		"mining": 12
	},
	"undergarden:regalium_ore":
	{
		"mining": 18
	},
	"undergarden:utherium_ore":
	{
		"mining": 18
	}
}